# book	sec	title	page	kind	path
gaoshu		第01讲 函数极限与连续	7	kp	第01讲 函数极限与连续
gaoshu		第02讲 数列极限	82	kp	第02讲 数列极限
gaoshu		第03讲 一元函数微分学的概念	105	kp	第03讲 一元函数微分学的概念
gaoshu		第04讲 一元函数微分学的计算	125	kp	第04讲 一元函数微分学的计算
gaoshu		第05讲 一元函数微分学的应用（一）几何应用	145	kp	第05讲 一元函数微分学的应用（一）几何应用
gaoshu		第06讲 一元函数微分学的应用（二）中值定理、微分等式与微分不等式	170	kp	第06讲 一元函数微分学的应用（二）中值定理、微分等式与微分不等式
gaoshu		第07讲 一元函数微分学的应用（三）物理应用与经济应用	192	kp	第07讲 一元函数微分学的应用（三）物理应用与经济应用
gaoshu		第08讲 一元函数积分学的概念与性质	201	kp	第08讲 一元函数积分学的概念与性质
gaoshu		第09讲 一元函数积分学的计算	236	kp	第09讲 一元函数积分学的计算
gaoshu		第10讲 一元函数积分学的应用（一）几何应用	269	kp	第10讲 一元函数积分学的应用（一）几何应用
gaoshu		第11讲 一元函数积分学的应用（二）积分等式与积分不等式	288	kp	第11讲 一元函数积分学的应用（二）积分等式与积分不等式
gaoshu		第12讲 一元函数积分学的应用（三）物理应用与经济应用	300	kp	第12讲 一元函数积分学的应用（三）物理应用与经济应用
gaoshu		第13讲 多元函数微分学	310	kp	第13讲 多元函数微分学
gaoshu		第14讲 二重积分	344	kp	第14讲 二重积分
gaoshu		第15讲 微分方程	383	kp	第15讲 微分方程
gaoshu		第16讲 无穷级数（仅数学一、数学三）	415	kp	第16讲 无穷级数（仅数学一、数学三）
gaoshu		第17讲 多元函数积分学的预备知识（仅数学一）	470	kp	第17讲 多元函数积分学的预备知识（仅数学一）
gaoshu		第18讲 多元函数积分学（仅数学一）	494	kp	第18讲 多元函数积分学（仅数学一）
gaoshu		附录1 图像变换	552	kp	附录1 图像变换
gaoshu		附录2 常用平面图形	555	kp	附录2 常用平面图形
gaoshu		附录3 常用空间图形	558	kp	附录3 常用空间图形
gaoshu		附录4 重要公式	561	kp	附录4 重要公式
gaoshu		附录5 从指数函数到双曲函数	564	kp	附录5 从指数函数到双曲函数
gaoshu		附录6 变形技巧	569	kp	附录6 变形技巧
xiandai		第00讲 零基础课——线性代数入门	8	kp	第00讲 零基础课——线性代数入门
xiandai		第01讲 行列式	18	kp	第01讲 行列式
xiandai		第02讲 矩阵	52	kp	第02讲 矩阵
xiandai		第03讲 向量组	89	kp	第03讲 向量组
xiandai		第04讲 线性方程组	121	kp	第04讲 线性方程组
xiandai		第05讲 特征值与特征向量	146	kp	第05讲 特征值与特征向量
xiandai		第06讲 二次型	185	kp	第06讲 二次型
gailv		第01讲 随机事件与概率	10	kp	第01讲 随机事件与概率
gailv		第02讲 一维随机变量及其分布	42	kp	第02讲 一维随机变量及其分布
gailv		第03讲 多维随机变量及其分布	71	kp	第03讲 多维随机变量及其分布
gailv		第04讲 随机变量的数字特征	112	kp	第04讲 随机变量的数字特征
gailv		第05讲 大数定律与中心极限定理	134	kp	第05讲 大数定律与中心极限定理
gailv		第06讲 数理统计	142	kp	第06讲 数理统计
wangdao-ds		前   言	4	other	前   言
wangdao-ds		致  读  者	5	other	致  读  者
wangdao-ds		王道训练营	6	sum	王道训练营
wangdao-ds		王道训练营简介	6	sum	王道训练营 > 王道训练营简介
wangdao-ds		1．面向就业	6	sum	王道训练营 > 王道训练营简介 > 1．面向就业
wangdao-ds		2．面向硕士	6	sum	王道训练营 > 王道训练营简介 > 2．面向硕士
wangdao-ds		3．报名要求	6	sum	王道训练营 > 王道训练营简介 > 3．报名要求
wangdao-ds		4．学习成效	7	sum	王道训练营 > 王道训练营简介 > 4．学习成效
wangdao-ds		王道训练营优势	7	sum	王道训练营 > 王道训练营优势
wangdao-ds		王道训练营课程	7	sum	王道训练营 > 王道训练营课程
wangdao-ds		目   录	8	other	目   录
wangdao-ds		第1章 绪论	13	kp	第1章 绪论
wangdao-ds	1.1	1.1  数据结构的基本概念	13	kp	第1章 绪论 > 1.1  数据结构的基本概念
wangdao-ds	1.1.1	1.1.1  基本概念和术语	13	kp	第1章 绪论 > 1.1  数据结构的基本概念 > 1.1.1  基本概念和术语
wangdao-ds		1．数据	13	kp	第1章 绪论 > 1.1  数据结构的基本概念 > 1.1.1  基本概念和术语 > 1．数据
wangdao-ds		2．数据元素	13	kp	第1章 绪论 > 1.1  数据结构的基本概念 > 1.1.1  基本概念和术语 > 2．数据元素
wangdao-ds		3．数据对象	14	kp	第1章 绪论 > 1.1  数据结构的基本概念 > 1.1.1  基本概念和术语 > 3．数据对象
wangdao-ds		4．数据类型	14	kp	第1章 绪论 > 1.1  数据结构的基本概念 > 1.1.1  基本概念和术语 > 4．数据类型
wangdao-ds		5．数据结构	14	kp	第1章 绪论 > 1.1  数据结构的基本概念 > 1.1.1  基本概念和术语 > 5．数据结构
wangdao-ds	1.1.2	1.1.2  数据结构三要素	14	kp	第1章 绪论 > 1.1  数据结构的基本概念 > 1.1.2  数据结构三要素
wangdao-ds		1．数据的逻辑结构	14	kp	第1章 绪论 > 1.1  数据结构的基本概念 > 1.1.2  数据结构三要素 > 1．数据的逻辑结构
wangdao-ds		2．数据的存储结构	15	kp	第1章 绪论 > 1.1  数据结构的基本概念 > 1.1.2  数据结构三要素 > 2．数据的存储结构
wangdao-ds		3．数据的运算	15	kp	第1章 绪论 > 1.1  数据结构的基本概念 > 1.1.2  数据结构三要素 > 3．数据的运算
wangdao-ds	1.1.3	1.1.3  本节试题精选	15	ex	第1章 绪论 > 1.1  数据结构的基本概念 > 1.1.3  本节试题精选
wangdao-ds		一、单项选择题	15	ex	第1章 绪论 > 1.1  数据结构的基本概念 > 1.1.3  本节试题精选 > 一、单项选择题
wangdao-ds		二、综合应用题	16	ex	第1章 绪论 > 1.1  数据结构的基本概念 > 1.1.3  本节试题精选 > 二、综合应用题
wangdao-ds	1.1.4	1.1.4  答案与解析	16	ex	第1章 绪论 > 1.1  数据结构的基本概念 > 1.1.4  答案与解析
wangdao-ds		一、单项选择题	16	ex	第1章 绪论 > 1.1  数据结构的基本概念 > 1.1.4  答案与解析 > 一、单项选择题
wangdao-ds		二、综合应用题	16	ex	第1章 绪论 > 1.1  数据结构的基本概念 > 1.1.4  答案与解析 > 二、综合应用题
wangdao-ds	1.2	1.2  算法和算法评价	16	kp	第1章 绪论 > 1.2  算法和算法评价
wangdao-ds	1.2.1	1.2.1  算法的基本概念	16	kp	第1章 绪论 > 1.2  算法和算法评价 > 1.2.1  算法的基本概念
wangdao-ds	1.2.2	1.2.2  算法效率的度量	17	kp	第1章 绪论 > 1.2  算法和算法评价 > 1.2.2  算法效率的度量
wangdao-ds		1．时间复杂度	17	kp	第1章 绪论 > 1.2  算法和算法评价 > 1.2.2  算法效率的度量 > 1．时间复杂度
wangdao-ds		2．空间复杂度	18	kp	第1章 绪论 > 1.2  算法和算法评价 > 1.2.2  算法效率的度量 > 2．空间复杂度
wangdao-ds	1.2.3	1.2.3  本节试题精选	18	ex	第1章 绪论 > 1.2  算法和算法评价 > 1.2.3  本节试题精选
wangdao-ds		一、单项选择题	18	ex	第1章 绪论 > 1.2  算法和算法评价 > 1.2.3  本节试题精选 > 一、单项选择题
wangdao-ds		二、综合应用题	20	ex	第1章 绪论 > 1.2  算法和算法评价 > 1.2.3  本节试题精选 > 二、综合应用题
wangdao-ds	1.2.4	1.2.4  答案与解析	20	ex	第1章 绪论 > 1.2  算法和算法评价 > 1.2.4  答案与解析
wangdao-ds		一、单项选择题	20	ex	第1章 绪论 > 1.2  算法和算法评价 > 1.2.4  答案与解析 > 一、单项选择题
wangdao-ds		二、综合应用题	23	ex	第1章 绪论 > 1.2  算法和算法评价 > 1.2.4  答案与解析 > 二、综合应用题
wangdao-ds		归纳总结	23	sum	第1章 绪论 > 归纳总结
wangdao-ds		1．循环主体中的变量参与循环条件的判断	23	sum	第1章 绪论 > 归纳总结 > 1．循环主体中的变量参与循环条件的判断
wangdao-ds		2．循环主体中的变量与循环条件无关	24	sum	第1章 绪论 > 归纳总结 > 2．循环主体中的变量与循环条件无关
wangdao-ds		思维拓展	24	sum	第1章 绪论 > 思维拓展
wangdao-ds		第2章 线性表	25	kp	第2章 线性表
wangdao-ds	2.1	2.1  线性表的定义和基本操作	25	kp	第2章 线性表 > 2.1  线性表的定义和基本操作
wangdao-ds	2.1.1	2.1.1  线性表的定义	25	kp	第2章 线性表 > 2.1  线性表的定义和基本操作 > 2.1.1  线性表的定义
wangdao-ds	2.1.2	2.1.2  线性表的基本操作	26	kp	第2章 线性表 > 2.1  线性表的定义和基本操作 > 2.1.2  线性表的基本操作
wangdao-ds	2.1.3	2.1.3  本节试题精选	26	ex	第2章 线性表 > 2.1  线性表的定义和基本操作 > 2.1.3  本节试题精选
wangdao-ds		单项选择题	26	ex	第2章 线性表 > 2.1  线性表的定义和基本操作 > 2.1.3  本节试题精选 > 单项选择题
wangdao-ds	2.1.4	2.1.4  答案与解析	26	ex	第2章 线性表 > 2.1  线性表的定义和基本操作 > 2.1.4  答案与解析
wangdao-ds		单项选择题	26	ex	第2章 线性表 > 2.1  线性表的定义和基本操作 > 2.1.4  答案与解析 > 单项选择题
wangdao-ds	2.2	2.2  线性表的顺序表示	27	kp	第2章 线性表 > 2.2  线性表的顺序表示
wangdao-ds	2.2.1	2.2.1  顺序表的定义	27	kp	第2章 线性表 > 2.2  线性表的顺序表示 > 2.2.1  顺序表的定义
wangdao-ds	2.2.2	2.2.2  顺序表上基本操作的实现	28	kp	第2章 线性表 > 2.2  线性表的顺序表示 > 2.2.2  顺序表上基本操作的实现
wangdao-ds		1．顺序表的初始化	28	kp	第2章 线性表 > 2.2  线性表的顺序表示 > 2.2.2  顺序表上基本操作的实现 > 1．顺序表的初始化
wangdao-ds		2．插入操作	29	kp	第2章 线性表 > 2.2  线性表的顺序表示 > 2.2.2  顺序表上基本操作的实现 > 2．插入操作
wangdao-ds		3．删除操作	29	kp	第2章 线性表 > 2.2  线性表的顺序表示 > 2.2.2  顺序表上基本操作的实现 > 3．删除操作
wangdao-ds		4．按值查找（顺序查找）	30	kp	第2章 线性表 > 2.2  线性表的顺序表示 > 2.2.2  顺序表上基本操作的实现 > 4．按值查找（顺序查找）
wangdao-ds	2.2.3	2.2.3  本节试题精选	30	ex	第2章 线性表 > 2.2  线性表的顺序表示 > 2.2.3  本节试题精选
wangdao-ds		一、单项选择题	30	ex	第2章 线性表 > 2.2  线性表的顺序表示 > 2.2.3  本节试题精选 > 一、单项选择题
wangdao-ds		二、综合应用题	32	ex	第2章 线性表 > 2.2  线性表的顺序表示 > 2.2.3  本节试题精选 > 二、综合应用题
wangdao-ds	2.2.4	2.2.4  答案与解析	33	ex	第2章 线性表 > 2.2  线性表的顺序表示 > 2.2.4  答案与解析
wangdao-ds		一、单项选择题	33	ex	第2章 线性表 > 2.2  线性表的顺序表示 > 2.2.4  答案与解析 > 一、单项选择题
wangdao-ds		二、综合应用题	34	ex	第2章 线性表 > 2.2  线性表的顺序表示 > 2.2.4  答案与解析 > 二、综合应用题
wangdao-ds	2.3	2.3  线性表的链式表示	42	kp	第2章 线性表 > 2.3  线性表的链式表示
wangdao-ds	2.3.1	2.3.1  单链表的定义	43	kp	第2章 线性表 > 2.3  线性表的链式表示 > 2.3.1  单链表的定义
wangdao-ds	2.3.2	2.3.2  单链表上基本操作的实现	43	kp	第2章 线性表 > 2.3  线性表的链式表示 > 2.3.2  单链表上基本操作的实现
wangdao-ds		1．单链表的初始化	43	kp	第2章 线性表 > 2.3  线性表的链式表示 > 2.3.2  单链表上基本操作的实现 > 1．单链表的初始化
wangdao-ds		2．求表长操作	44	kp	第2章 线性表 > 2.3  线性表的链式表示 > 2.3.2  单链表上基本操作的实现 > 2．求表长操作
wangdao-ds		3．按序号查找结点	44	kp	第2章 线性表 > 2.3  线性表的链式表示 > 2.3.2  单链表上基本操作的实现 > 3．按序号查找结点
wangdao-ds		4．按值查找表结点	44	kp	第2章 线性表 > 2.3  线性表的链式表示 > 2.3.2  单链表上基本操作的实现 > 4．按值查找表结点
wangdao-ds		5．插入结点操作	45	kp	第2章 线性表 > 2.3  线性表的链式表示 > 2.3.2  单链表上基本操作的实现 > 5．插入结点操作
wangdao-ds		6．删除结点操作	45	kp	第2章 线性表 > 2.3  线性表的链式表示 > 2.3.2  单链表上基本操作的实现 > 6．删除结点操作
wangdao-ds		7．采用头插法建立单链表	46	kp	第2章 线性表 > 2.3  线性表的链式表示 > 2.3.2  单链表上基本操作的实现 > 7．采用头插法建立单链表
wangdao-ds		8．采用尾插法建立单链表	47	kp	第2章 线性表 > 2.3  线性表的链式表示 > 2.3.2  单链表上基本操作的实现 > 8．采用尾插法建立单链表
wangdao-ds	2.3.3	2.3.3  双链表	48	kp	第2章 线性表 > 2.3  线性表的链式表示 > 2.3.3  双链表
wangdao-ds		1．双链表的插入操作	48	kp	第2章 线性表 > 2.3  线性表的链式表示 > 2.3.3  双链表 > 1．双链表的插入操作
wangdao-ds		2．双链表的删除操作	49	kp	第2章 线性表 > 2.3  线性表的链式表示 > 2.3.3  双链表 > 2．双链表的删除操作
wangdao-ds	2.3.4	2.3.4  循环链表	49	kp	第2章 线性表 > 2.3  线性表的链式表示 > 2.3.4  循环链表
wangdao-ds		1．循环单链表	49	kp	第2章 线性表 > 2.3  线性表的链式表示 > 2.3.4  循环链表 > 1．循环单链表
wangdao-ds		2．循环双链表	49	kp	第2章 线性表 > 2.3  线性表的链式表示 > 2.3.4  循环链表 > 2．循环双链表
wangdao-ds	2.3.5	2.3.5  静态链表	50	kp	第2章 线性表 > 2.3  线性表的链式表示 > 2.3.5  静态链表
wangdao-ds	2.3.6	2.3.6  顺序表和链表的比较	50	kp	第2章 线性表 > 2.3  线性表的链式表示 > 2.3.6  顺序表和链表的比较
wangdao-ds		1．存取（读/写）方式	50	kp	第2章 线性表 > 2.3  线性表的链式表示 > 2.3.6  顺序表和链表的比较 > 1．存取（读/写）方式
wangdao-ds		2．逻辑结构与物理结构	50	kp	第2章 线性表 > 2.3  线性表的链式表示 > 2.3.6  顺序表和链表的比较 > 2．逻辑结构与物理结构
wangdao-ds		3．查找、插入和删除操作	51	kp	第2章 线性表 > 2.3  线性表的链式表示 > 2.3.6  顺序表和链表的比较 > 3．查找、插入和删除操作
wangdao-ds		4．空间分配	51	kp	第2章 线性表 > 2.3  线性表的链式表示 > 2.3.6  顺序表和链表的比较 > 4．空间分配
wangdao-ds		1．基于存储的考虑	51	kp	第2章 线性表 > 2.3  线性表的链式表示 > 2.3.6  顺序表和链表的比较 > 1．基于存储的考虑
wangdao-ds		2．基于运算的考虑	51	kp	第2章 线性表 > 2.3  线性表的链式表示 > 2.3.6  顺序表和链表的比较 > 2．基于运算的考虑
wangdao-ds		3．基于环境的考虑	51	kp	第2章 线性表 > 2.3  线性表的链式表示 > 2.3.6  顺序表和链表的比较 > 3．基于环境的考虑
wangdao-ds	2.3.7	2.3.7  本节试题精选	51	ex	第2章 线性表 > 2.3  线性表的链式表示 > 2.3.7  本节试题精选
wangdao-ds		一、单项选择题	51	ex	第2章 线性表 > 2.3  线性表的链式表示 > 2.3.7  本节试题精选 > 一、单项选择题
wangdao-ds		二、综合应用题	55	ex	第2章 线性表 > 2.3  线性表的链式表示 > 2.3.7  本节试题精选 > 二、综合应用题
wangdao-ds	2.3.8	2.3.8  答案与解析	57	ex	第2章 线性表 > 2.3  线性表的链式表示 > 2.3.8  答案与解析
wangdao-ds		一、单项选择题	57	ex	第2章 线性表 > 2.3  线性表的链式表示 > 2.3.8  答案与解析 > 一、单项选择题
wangdao-ds		二、综合应用题	61	ex	第2章 线性表 > 2.3  线性表的链式表示 > 2.3.8  答案与解析 > 二、综合应用题
wangdao-ds		归纳总结	74	sum	第2章 线性表 > 归纳总结
wangdao-ds		思维拓展	74	sum	第2章 线性表 > 思维拓展
wangdao-ds		第3章 栈、队列和数组	75	kp	第3章 栈、队列和数组
wangdao-ds	3.1	3.1  栈	75	kp	第3章 栈、队列和数组 > 3.1  栈
wangdao-ds	3.1.1	3.1.1  栈的基本概念	75	kp	第3章 栈、队列和数组 > 3.1  栈 > 3.1.1  栈的基本概念
wangdao-ds		1．栈的定义	75	kp	第3章 栈、队列和数组 > 3.1  栈 > 3.1.1  栈的基本概念 > 1．栈的定义
wangdao-ds		2．栈的基本操作	76	kp	第3章 栈、队列和数组 > 3.1  栈 > 3.1.1  栈的基本概念 > 2．栈的基本操作
wangdao-ds	3.1.2	3.1.2  栈的顺序存储结构	76	kp	第3章 栈、队列和数组 > 3.1  栈 > 3.1.2  栈的顺序存储结构
wangdao-ds		1．顺序栈的实现	76	kp	第3章 栈、队列和数组 > 3.1  栈 > 3.1.2  栈的顺序存储结构 > 1．顺序栈的实现
wangdao-ds		2．顺序栈的基本操作	77	kp	第3章 栈、队列和数组 > 3.1  栈 > 3.1.2  栈的顺序存储结构 > 2．顺序栈的基本操作
wangdao-ds		3．共享栈	78	kp	第3章 栈、队列和数组 > 3.1  栈 > 3.1.2  栈的顺序存储结构 > 3．共享栈
wangdao-ds	3.1.3	3.1.3  栈的链式存储结构	78	kp	第3章 栈、队列和数组 > 3.1  栈 > 3.1.3  栈的链式存储结构
wangdao-ds	3.1.4	3.1.4  本节试题精选	79	ex	第3章 栈、队列和数组 > 3.1  栈 > 3.1.4  本节试题精选
wangdao-ds		一、单项选择题	79	ex	第3章 栈、队列和数组 > 3.1  栈 > 3.1.4  本节试题精选 > 一、单项选择题
wangdao-ds		二、综合应用题	81	ex	第3章 栈、队列和数组 > 3.1  栈 > 3.1.4  本节试题精选 > 二、综合应用题
wangdao-ds	3.1.5	3.1.5  答案与解析	81	ex	第3章 栈、队列和数组 > 3.1  栈 > 3.1.5  答案与解析
wangdao-ds		一、单项选择题	81	ex	第3章 栈、队列和数组 > 3.1  栈 > 3.1.5  答案与解析 > 一、单项选择题
wangdao-ds		二、综合应用题	85	ex	第3章 栈、队列和数组 > 3.1  栈 > 3.1.5  答案与解析 > 二、综合应用题
wangdao-ds	3.2	3.2  队列	88	kp	第3章 栈、队列和数组 > 3.2  队列
wangdao-ds	3.2.1	3.2.1  队列的基本概念	88	kp	第3章 栈、队列和数组 > 3.2  队列 > 3.2.1  队列的基本概念
wangdao-ds		1．队列的定义	88	kp	第3章 栈、队列和数组 > 3.2  队列 > 3.2.1  队列的基本概念 > 1．队列的定义
wangdao-ds		2．队列常见的基本操作	88	kp	第3章 栈、队列和数组 > 3.2  队列 > 3.2.1  队列的基本概念 > 2．队列常见的基本操作
wangdao-ds	3.2.2	3.2.2  队列的顺序存储结构	88	kp	第3章 栈、队列和数组 > 3.2  队列 > 3.2.2  队列的顺序存储结构
wangdao-ds		1．队列的顺序存储	88	kp	第3章 栈、队列和数组 > 3.2  队列 > 3.2.2  队列的顺序存储结构 > 1．队列的顺序存储
wangdao-ds		2．循环队列	89	kp	第3章 栈、队列和数组 > 3.2  队列 > 3.2.2  队列的顺序存储结构 > 2．循环队列
wangdao-ds		3．循环队列的操作（基于牺牲一个单元法）	90	kp	第3章 栈、队列和数组 > 3.2  队列 > 3.2.2  队列的顺序存储结构 > 3．循环队列的操作（基于牺牲一个单元法）
wangdao-ds	3.2.3	3.2.3  队列的链式存储结构	91	kp	第3章 栈、队列和数组 > 3.2  队列 > 3.2.3  队列的链式存储结构
wangdao-ds		1．队列的链式存储	91	kp	第3章 栈、队列和数组 > 3.2  队列 > 3.2.3  队列的链式存储结构 > 1．队列的链式存储
wangdao-ds		2．链式队列的基本操作	91	kp	第3章 栈、队列和数组 > 3.2  队列 > 3.2.3  队列的链式存储结构 > 2．链式队列的基本操作
wangdao-ds	3.2.4	3.2.4  双端队列	92	kp	第3章 栈、队列和数组 > 3.2  队列 > 3.2.4  双端队列
wangdao-ds	3.2.5	3.2.5  本节试题精选	94	ex	第3章 栈、队列和数组 > 3.2  队列 > 3.2.5  本节试题精选
wangdao-ds		一、单项选择题	94	ex	第3章 栈、队列和数组 > 3.2  队列 > 3.2.5  本节试题精选 > 一、单项选择题
wangdao-ds		二、综合应用题	96	ex	第3章 栈、队列和数组 > 3.2  队列 > 3.2.5  本节试题精选 > 二、综合应用题
wangdao-ds	3.2.6	3.2.6  答案与解析	96	ex	第3章 栈、队列和数组 > 3.2  队列 > 3.2.6  答案与解析
wangdao-ds		一、单项选择题	96	ex	第3章 栈、队列和数组 > 3.2  队列 > 3.2.6  答案与解析 > 一、单项选择题
wangdao-ds		二、综合应用题	99	ex	第3章 栈、队列和数组 > 3.2  队列 > 3.2.6  答案与解析 > 二、综合应用题
wangdao-ds	3.3	3.3  栈和队列的应用	102	kp	第3章 栈、队列和数组 > 3.3  栈和队列的应用
wangdao-ds	3.3.1	3.3.1  栈在括号匹配中的应用	102	kp	第3章 栈、队列和数组 > 3.3  栈和队列的应用 > 3.3.1  栈在括号匹配中的应用
wangdao-ds	3.3.2	3.3.2  栈在表达式求值中的应用	102	kp	第3章 栈、队列和数组 > 3.3  栈和队列的应用 > 3.3.2  栈在表达式求值中的应用
wangdao-ds		1．算术表达式	102	kp	第3章 栈、队列和数组 > 3.3  栈和队列的应用 > 3.3.2  栈在表达式求值中的应用 > 1．算术表达式
wangdao-ds		2．中缀表达式转后缀表达式	103	kp	第3章 栈、队列和数组 > 3.3  栈和队列的应用 > 3.3.2  栈在表达式求值中的应用 > 2．中缀表达式转后缀表达式
wangdao-ds		3．后缀表达式求值	104	kp	第3章 栈、队列和数组 > 3.3  栈和队列的应用 > 3.3.2  栈在表达式求值中的应用 > 3．后缀表达式求值
wangdao-ds	3.3.3	3.3.3  栈在递归中的应用	104	kp	第3章 栈、队列和数组 > 3.3  栈和队列的应用 > 3.3.3  栈在递归中的应用
wangdao-ds	3.3.4	3.3.4  队列在层次遍历中的应用	105	kp	第3章 栈、队列和数组 > 3.3  栈和队列的应用 > 3.3.4  队列在层次遍历中的应用
wangdao-ds	3.3.5	3.3.5  队列在计算机系统中的应用	106	kp	第3章 栈、队列和数组 > 3.3  栈和队列的应用 > 3.3.5  队列在计算机系统中的应用
wangdao-ds	3.3.6	3.3.6  本节试题精选	106	ex	第3章 栈、队列和数组 > 3.3  栈和队列的应用 > 3.3.6  本节试题精选
wangdao-ds		一、单项选择题	106	ex	第3章 栈、队列和数组 > 3.3  栈和队列的应用 > 3.3.6  本节试题精选 > 一、单项选择题
wangdao-ds		二、综合应用题	108	ex	第3章 栈、队列和数组 > 3.3  栈和队列的应用 > 3.3.6  本节试题精选 > 二、综合应用题
wangdao-ds	3.3.7	3.3.7  答案与解析	108	ex	第3章 栈、队列和数组 > 3.3  栈和队列的应用 > 3.3.7  答案与解析
wangdao-ds		一、单项选择题	108	ex	第3章 栈、队列和数组 > 3.3  栈和队列的应用 > 3.3.7  答案与解析 > 一、单项选择题
wangdao-ds		二、综合应用题	112	ex	第3章 栈、队列和数组 > 3.3  栈和队列的应用 > 3.3.7  答案与解析 > 二、综合应用题
wangdao-ds	3.4	3.4  数组和特殊矩阵	112	kp	第3章 栈、队列和数组 > 3.4  数组和特殊矩阵
wangdao-ds	3.4.1	3.4.1  数组的定义	112	kp	第3章 栈、队列和数组 > 3.4  数组和特殊矩阵 > 3.4.1  数组的定义
wangdao-ds	3.4.2	3.4.2  数组的存储结构	113	kp	第3章 栈、队列和数组 > 3.4  数组和特殊矩阵 > 3.4.2  数组的存储结构
wangdao-ds	3.4.3	3.4.3  特殊矩阵的压缩存储	113	kp	第3章 栈、队列和数组 > 3.4  数组和特殊矩阵 > 3.4.3  特殊矩阵的压缩存储
wangdao-ds		1．对称矩阵	113	kp	第3章 栈、队列和数组 > 3.4  数组和特殊矩阵 > 3.4.3  特殊矩阵的压缩存储 > 1．对称矩阵
wangdao-ds		2．三角矩阵	114	kp	第3章 栈、队列和数组 > 3.4  数组和特殊矩阵 > 3.4.3  特殊矩阵的压缩存储 > 2．三角矩阵
wangdao-ds		3．三对角矩阵	115	kp	第3章 栈、队列和数组 > 3.4  数组和特殊矩阵 > 3.4.3  特殊矩阵的压缩存储 > 3．三对角矩阵
wangdao-ds	3.4.4	3.4.4  稀疏矩阵	115	kp	第3章 栈、队列和数组 > 3.4  数组和特殊矩阵 > 3.4.4  稀疏矩阵
wangdao-ds	3.4.5	3.4.5  本节试题精选	116	ex	第3章 栈、队列和数组 > 3.4  数组和特殊矩阵 > 3.4.5  本节试题精选
wangdao-ds		单项选择题	116	ex	第3章 栈、队列和数组 > 3.4  数组和特殊矩阵 > 3.4.5  本节试题精选 > 单项选择题
wangdao-ds	3.4.6	3.4.6  答案与解析	117	ex	第3章 栈、队列和数组 > 3.4  数组和特殊矩阵 > 3.4.6  答案与解析
wangdao-ds		单项选择题	117	ex	第3章 栈、队列和数组 > 3.4  数组和特殊矩阵 > 3.4.6  答案与解析 > 单项选择题
wangdao-ds		归纳总结	120	sum	第3章 栈、队列和数组 > 归纳总结
wangdao-ds		思维拓展	120	sum	第3章 栈、队列和数组 > 思维拓展
wangdao-ds		第4章 串	121	kp	第4章 串
wangdao-ds	4.1	*4.1  串的定义和实现	121	kp	第4章 串 > *4.1  串的定义和实现
wangdao-ds	4.1.1	4.1.1  串的定义	121	kp	第4章 串 > *4.1  串的定义和实现 > 4.1.1  串的定义
wangdao-ds	4.1.2	4.1.2  串的基本操作	122	kp	第4章 串 > *4.1  串的定义和实现 > 4.1.2  串的基本操作
wangdao-ds	4.1.3	4.1.3  串的存储结构	122	kp	第4章 串 > *4.1  串的定义和实现 > 4.1.3  串的存储结构
wangdao-ds		1．定长顺序存储表示	122	kp	第4章 串 > *4.1  串的定义和实现 > 4.1.3  串的存储结构 > 1．定长顺序存储表示
wangdao-ds		2．堆分配存储表示	123	kp	第4章 串 > *4.1  串的定义和实现 > 4.1.3  串的存储结构 > 2．堆分配存储表示
wangdao-ds		3．块链存储表示	123	kp	第4章 串 > *4.1  串的定义和实现 > 4.1.3  串的存储结构 > 3．块链存储表示
wangdao-ds	4.2	4.2  串的模式匹配	123	kp	第4章 串 > 4.2  串的模式匹配
wangdao-ds	4.2.1	4.2.1  简单的模式匹配算法	123	kp	第4章 串 > 4.2  串的模式匹配 > 4.2.1  简单的模式匹配算法
wangdao-ds	4.2.2	4.2.2  串的模式匹配算法——KMP算法	124	kp	第4章 串 > 4.2  串的模式匹配 > 4.2.2  串的模式匹配算法——KMP算法
wangdao-ds		1．KMP算法的原理	125	kp	第4章 串 > 4.2  串的模式匹配 > 4.2.2  串的模式匹配算法——KMP算法 > 1．KMP算法的原理
wangdao-ds		2．next数组的手算方法	126	kp	第4章 串 > 4.2  串的模式匹配 > 4.2.2  串的模式匹配算法——KMP算法 > 2．next数组的手算方法
wangdao-ds		*3．next数组的推理公式	127	kp	第4章 串 > 4.2  串的模式匹配 > 4.2.2  串的模式匹配算法——KMP算法 > *3．next数组的推理公式
wangdao-ds		4．KMP算法的实现	128	kp	第4章 串 > 4.2  串的模式匹配 > 4.2.2  串的模式匹配算法——KMP算法 > 4．KMP算法的实现
wangdao-ds	4.2.3	4.2.3  KMP算法的进一步优化	129	kp	第4章 串 > 4.2  串的模式匹配 > 4.2.3  KMP算法的进一步优化
wangdao-ds	4.2.4	4.2.4  本节试题精选	130	ex	第4章 串 > 4.2  串的模式匹配 > 4.2.4  本节试题精选
wangdao-ds		一、单项选择题	130	ex	第4章 串 > 4.2  串的模式匹配 > 4.2.4  本节试题精选 > 一、单项选择题
wangdao-ds		二、综合应用题	130	ex	第4章 串 > 4.2  串的模式匹配 > 4.2.4  本节试题精选 > 二、综合应用题
wangdao-ds	4.2.5	4.2.5  答案与解析	131	ex	第4章 串 > 4.2  串的模式匹配 > 4.2.5  答案与解析
wangdao-ds		一、单项选择题	131	ex	第4章 串 > 4.2  串的模式匹配 > 4.2.5  答案与解析 > 一、单项选择题
wangdao-ds		二、综合应用题	133	ex	第4章 串 > 4.2  串的模式匹配 > 4.2.5  答案与解析 > 二、综合应用题
wangdao-ds		归纳总结	135	sum	第4章 串 > 归纳总结
wangdao-ds		思维拓展	135	sum	第4章 串 > 思维拓展
wangdao-ds		第5章 树与二叉树	136	kp	第5章 树与二叉树
wangdao-ds	5.1	5.1  树的基本概念	136	kp	第5章 树与二叉树 > 5.1  树的基本概念
wangdao-ds	5.1.1	5.1.1  树的定义	136	kp	第5章 树与二叉树 > 5.1  树的基本概念 > 5.1.1  树的定义
wangdao-ds	5.1.2	5.1.2  基本术语	137	kp	第5章 树与二叉树 > 5.1  树的基本概念 > 5.1.2  基本术语
wangdao-ds	5.1.3	5.1.3  树的性质	138	kp	第5章 树与二叉树 > 5.1  树的基本概念 > 5.1.3  树的性质
wangdao-ds	5.1.4	5.1.4  本节试题精选	138	ex	第5章 树与二叉树 > 5.1  树的基本概念 > 5.1.4  本节试题精选
wangdao-ds		一、单项选择题	138	ex	第5章 树与二叉树 > 5.1  树的基本概念 > 5.1.4  本节试题精选 > 一、单项选择题
wangdao-ds		二、综合应用题	139	ex	第5章 树与二叉树 > 5.1  树的基本概念 > 5.1.4  本节试题精选 > 二、综合应用题
wangdao-ds	5.1.5	5.1.5  答案与解析	139	ex	第5章 树与二叉树 > 5.1  树的基本概念 > 5.1.5  答案与解析
wangdao-ds		一、单项选择题	139	ex	第5章 树与二叉树 > 5.1  树的基本概念 > 5.1.5  答案与解析 > 一、单项选择题
wangdao-ds		二、综合应用题	141	ex	第5章 树与二叉树 > 5.1  树的基本概念 > 5.1.5  答案与解析 > 二、综合应用题
wangdao-ds	5.2	5.2  二叉树的概念	141	kp	第5章 树与二叉树 > 5.2  二叉树的概念
wangdao-ds	5.2.1	5.2.1  二叉树的定义及其主要特性	141	kp	第5章 树与二叉树 > 5.2  二叉树的概念 > 5.2.1  二叉树的定义及其主要特性
wangdao-ds		1．二叉树的定义	141	kp	第5章 树与二叉树 > 5.2  二叉树的概念 > 5.2.1  二叉树的定义及其主要特性 > 1．二叉树的定义
wangdao-ds		2．几种特殊的二叉树	142	kp	第5章 树与二叉树 > 5.2  二叉树的概念 > 5.2.1  二叉树的定义及其主要特性 > 2．几种特殊的二叉树
wangdao-ds		3．二叉树的性质	142	kp	第5章 树与二叉树 > 5.2  二叉树的概念 > 5.2.1  二叉树的定义及其主要特性 > 3．二叉树的性质
wangdao-ds	5.2.2	5.2.2  二叉树的存储结构	143	kp	第5章 树与二叉树 > 5.2  二叉树的概念 > 5.2.2  二叉树的存储结构
wangdao-ds		1．顺序存储结构	143	kp	第5章 树与二叉树 > 5.2  二叉树的概念 > 5.2.2  二叉树的存储结构 > 1．顺序存储结构
wangdao-ds		2．链式存储结构	144	kp	第5章 树与二叉树 > 5.2  二叉树的概念 > 5.2.2  二叉树的存储结构 > 2．链式存储结构
wangdao-ds	5.2.3	5.2.3  本节试题精选	145	ex	第5章 树与二叉树 > 5.2  二叉树的概念 > 5.2.3  本节试题精选
wangdao-ds		一、单项选择题	145	ex	第5章 树与二叉树 > 5.2  二叉树的概念 > 5.2.3  本节试题精选 > 一、单项选择题
wangdao-ds		二、综合应用题	147	ex	第5章 树与二叉树 > 5.2  二叉树的概念 > 5.2.3  本节试题精选 > 二、综合应用题
wangdao-ds	5.2.4	5.2.4  答案与解析	147	ex	第5章 树与二叉树 > 5.2  二叉树的概念 > 5.2.4  答案与解析
wangdao-ds		一、单项选择题	147	ex	第5章 树与二叉树 > 5.2  二叉树的概念 > 5.2.4  答案与解析 > 一、单项选择题
wangdao-ds		二、综合应用题	150	ex	第5章 树与二叉树 > 5.2  二叉树的概念 > 5.2.4  答案与解析 > 二、综合应用题
wangdao-ds	5.3	5.3  二叉树的遍历和线索二叉树	152	kp	第5章 树与二叉树 > 5.3  二叉树的遍历和线索二叉树
wangdao-ds	5.3.1	5.3.1  二叉树的遍历	152	kp	第5章 树与二叉树 > 5.3  二叉树的遍历和线索二叉树 > 5.3.1  二叉树的遍历
wangdao-ds		1．先序遍历（PreOrder）	152	kp	第5章 树与二叉树 > 5.3  二叉树的遍历和线索二叉树 > 5.3.1  二叉树的遍历 > 1．先序遍历（PreOrder）
wangdao-ds		2．中序遍历（InOrder）	153	kp	第5章 树与二叉树 > 5.3  二叉树的遍历和线索二叉树 > 5.3.1  二叉树的遍历 > 2．中序遍历（InOrder）
wangdao-ds		3．后序遍历（PostOrder）	153	kp	第5章 树与二叉树 > 5.3  二叉树的遍历和线索二叉树 > 5.3.1  二叉树的遍历 > 3．后序遍历（PostOrder）
wangdao-ds		4．层次遍历	153	kp	第5章 树与二叉树 > 5.3  二叉树的遍历和线索二叉树 > 5.3.1  二叉树的遍历 > 4．层次遍历
wangdao-ds		5．由遍历序列构造二叉树	154	kp	第5章 树与二叉树 > 5.3  二叉树的遍历和线索二叉树 > 5.3.1  二叉树的遍历 > 5．由遍历序列构造二叉树
wangdao-ds	5.3.2	5.3.2  线索二叉树	155	kp	第5章 树与二叉树 > 5.3  二叉树的遍历和线索二叉树 > 5.3.2  线索二叉树
wangdao-ds		1．线索二叉树的基本概念	155	kp	第5章 树与二叉树 > 5.3  二叉树的遍历和线索二叉树 > 5.3.2  线索二叉树 > 1．线索二叉树的基本概念
wangdao-ds		2．中序线索二叉树的构造	156	kp	第5章 树与二叉树 > 5.3  二叉树的遍历和线索二叉树 > 5.3.2  线索二叉树 > 2．中序线索二叉树的构造
wangdao-ds		3．中序线索二叉树的遍历	157	kp	第5章 树与二叉树 > 5.3  二叉树的遍历和线索二叉树 > 5.3.2  线索二叉树 > 3．中序线索二叉树的遍历
wangdao-ds		4．先序线索二叉树和后序线索二叉树	158	kp	第5章 树与二叉树 > 5.3  二叉树的遍历和线索二叉树 > 5.3.2  线索二叉树 > 4．先序线索二叉树和后序线索二叉树
wangdao-ds	5.3.3	5.3.3  本节试题精选	158	ex	第5章 树与二叉树 > 5.3  二叉树的遍历和线索二叉树 > 5.3.3  本节试题精选
wangdao-ds		一、单项选择题	158	ex	第5章 树与二叉树 > 5.3  二叉树的遍历和线索二叉树 > 5.3.3  本节试题精选 > 一、单项选择题
wangdao-ds		二、综合应用题	162	ex	第5章 树与二叉树 > 5.3  二叉树的遍历和线索二叉树 > 5.3.3  本节试题精选 > 二、综合应用题
wangdao-ds	5.3.4	5.3.4  答案与解析	164	ex	第5章 树与二叉树 > 5.3  二叉树的遍历和线索二叉树 > 5.3.4  答案与解析
wangdao-ds		一、单项选择题	164	ex	第5章 树与二叉树 > 5.3  二叉树的遍历和线索二叉树 > 5.3.4  答案与解析 > 一、单项选择题
wangdao-ds		二、综合应用题	170	ex	第5章 树与二叉树 > 5.3  二叉树的遍历和线索二叉树 > 5.3.4  答案与解析 > 二、综合应用题
wangdao-ds	5.4	5.4  树、森林	180	kp	第5章 树与二叉树 > 5.4  树、森林
wangdao-ds	5.4.1	5.4.1  树的存储结构	180	kp	第5章 树与二叉树 > 5.4  树、森林 > 5.4.1  树的存储结构
wangdao-ds		1．双亲表示法	180	kp	第5章 树与二叉树 > 5.4  树、森林 > 5.4.1  树的存储结构 > 1．双亲表示法
wangdao-ds		2．孩子表示法	181	kp	第5章 树与二叉树 > 5.4  树、森林 > 5.4.1  树的存储结构 > 2．孩子表示法
wangdao-ds		3．孩子兄弟表示法	181	kp	第5章 树与二叉树 > 5.4  树、森林 > 5.4.1  树的存储结构 > 3．孩子兄弟表示法
wangdao-ds	5.4.2	5.4.2  树、森林与二叉树的转换	182	kp	第5章 树与二叉树 > 5.4  树、森林 > 5.4.2  树、森林与二叉树的转换
wangdao-ds		1．树转换为二叉树	182	kp	第5章 树与二叉树 > 5.4  树、森林 > 5.4.2  树、森林与二叉树的转换 > 1．树转换为二叉树
wangdao-ds		2．森林转换为二叉树	182	kp	第5章 树与二叉树 > 5.4  树、森林 > 5.4.2  树、森林与二叉树的转换 > 2．森林转换为二叉树
wangdao-ds		3．二叉树转换为森林	183	kp	第5章 树与二叉树 > 5.4  树、森林 > 5.4.2  树、森林与二叉树的转换 > 3．二叉树转换为森林
wangdao-ds	5.4.3	5.4.3  树和森林的遍历	183	kp	第5章 树与二叉树 > 5.4  树、森林 > 5.4.3  树和森林的遍历
wangdao-ds		1．树的遍历	183	kp	第5章 树与二叉树 > 5.4  树、森林 > 5.4.3  树和森林的遍历 > 1．树的遍历
wangdao-ds		2．森林的遍历	183	kp	第5章 树与二叉树 > 5.4  树、森林 > 5.4.3  树和森林的遍历 > 2．森林的遍历
wangdao-ds	5.4.4	5.4.4  本节试题精选	184	ex	第5章 树与二叉树 > 5.4  树、森林 > 5.4.4  本节试题精选
wangdao-ds		一、单项选择题	184	ex	第5章 树与二叉树 > 5.4  树、森林 > 5.4.4  本节试题精选 > 一、单项选择题
wangdao-ds		二、综合应用题	186	ex	第5章 树与二叉树 > 5.4  树、森林 > 5.4.4  本节试题精选 > 二、综合应用题
wangdao-ds	5.4.5	5.4.5  答案与解析	187	ex	第5章 树与二叉树 > 5.4  树、森林 > 5.4.5  答案与解析
wangdao-ds		一、单项选择题	187	ex	第5章 树与二叉树 > 5.4  树、森林 > 5.4.5  答案与解析 > 一、单项选择题
wangdao-ds		二、综合应用题	191	ex	第5章 树与二叉树 > 5.4  树、森林 > 5.4.5  答案与解析 > 二、综合应用题
wangdao-ds	5.5	5.5  树与二叉树的应用	192	kp	第5章 树与二叉树 > 5.5  树与二叉树的应用
wangdao-ds	5.5.1	5.5.1  哈夫曼树和哈夫曼编码	192	kp	第5章 树与二叉树 > 5.5  树与二叉树的应用 > 5.5.1  哈夫曼树和哈夫曼编码
wangdao-ds		1．哈夫曼树的定义	192	kp	第5章 树与二叉树 > 5.5  树与二叉树的应用 > 5.5.1  哈夫曼树和哈夫曼编码 > 1．哈夫曼树的定义
wangdao-ds		2．哈夫曼树的构造	193	kp	第5章 树与二叉树 > 5.5  树与二叉树的应用 > 5.5.1  哈夫曼树和哈夫曼编码 > 2．哈夫曼树的构造
wangdao-ds		3．哈夫曼编码	194	kp	第5章 树与二叉树 > 5.5  树与二叉树的应用 > 5.5.1  哈夫曼树和哈夫曼编码 > 3．哈夫曼编码
wangdao-ds	5.5.2	5.5.2  并查集	195	kp	第5章 树与二叉树 > 5.5  树与二叉树的应用 > 5.5.2  并查集
wangdao-ds		1．并查集的概念	195	kp	第5章 树与二叉树 > 5.5  树与二叉树的应用 > 5.5.2  并查集 > 1．并查集的概念
wangdao-ds		2．并查集的存储结构	195	kp	第5章 树与二叉树 > 5.5  树与二叉树的应用 > 5.5.2  并查集 > 2．并查集的存储结构
wangdao-ds		3．并查集的基本实现	195	kp	第5章 树与二叉树 > 5.5  树与二叉树的应用 > 5.5.2  并查集 > 3．并查集的基本实现
wangdao-ds		4．并查集实现的优化	196	kp	第5章 树与二叉树 > 5.5  树与二叉树的应用 > 5.5.2  并查集 > 4．并查集实现的优化
wangdao-ds	5.5.3	5.5.3  本节试题精选	197	ex	第5章 树与二叉树 > 5.5  树与二叉树的应用 > 5.5.3  本节试题精选
wangdao-ds		一、单项选择题	197	ex	第5章 树与二叉树 > 5.5  树与二叉树的应用 > 5.5.3  本节试题精选 > 一、单项选择题
wangdao-ds		二、综合应用题	199	ex	第5章 树与二叉树 > 5.5  树与二叉树的应用 > 5.5.3  本节试题精选 > 二、综合应用题
wangdao-ds	5.5.4	5.5.4  答案与解析	199	ex	第5章 树与二叉树 > 5.5  树与二叉树的应用 > 5.5.4  答案与解析
wangdao-ds		一、单项选择题	199	ex	第5章 树与二叉树 > 5.5  树与二叉树的应用 > 5.5.4  答案与解析 > 一、单项选择题
wangdao-ds		二、综合应用题	204	ex	第5章 树与二叉树 > 5.5  树与二叉树的应用 > 5.5.4  答案与解析 > 二、综合应用题
wangdao-ds		归纳总结	205	sum	第5章 树与二叉树 > 归纳总结
wangdao-ds		思维拓展	206	sum	第5章 树与二叉树 > 思维拓展
wangdao-ds		第6章 图	207	kp	第6章 图
wangdao-ds	6.1	6.1　图的基本概念	207	kp	第6章 图 > 6.1　图的基本概念
wangdao-ds	6.1.1	6.1.1　图的定义	207	kp	第6章 图 > 6.1　图的基本概念 > 6.1.1　图的定义
wangdao-ds		1．有向图	208	kp	第6章 图 > 6.1　图的基本概念 > 6.1.1　图的定义 > 1．有向图
wangdao-ds		2．无向图	208	kp	第6章 图 > 6.1　图的基本概念 > 6.1.1　图的定义 > 2．无向图
wangdao-ds		3．简单图、多重图	208	kp	第6章 图 > 6.1　图的基本概念 > 6.1.1　图的定义 > 3．简单图、多重图
wangdao-ds		4．顶点的度、入度和出度	208	kp	第6章 图 > 6.1　图的基本概念 > 6.1.1　图的定义 > 4．顶点的度、入度和出度
wangdao-ds		5．路径、路径长度和回路	209	kp	第6章 图 > 6.1　图的基本概念 > 6.1.1　图的定义 > 5．路径、路径长度和回路
wangdao-ds		6．简单路径、简单回路	209	kp	第6章 图 > 6.1　图的基本概念 > 6.1.1　图的定义 > 6．简单路径、简单回路
wangdao-ds		7．距离	209	kp	第6章 图 > 6.1　图的基本概念 > 6.1.1　图的定义 > 7．距离
wangdao-ds		8．子图	209	kp	第6章 图 > 6.1　图的基本概念 > 6.1.1　图的定义 > 8．子图
wangdao-ds		9．连通、连通图和连通分量	209	kp	第6章 图 > 6.1　图的基本概念 > 6.1.1　图的定义 > 9．连通、连通图和连通分量
wangdao-ds		10．强连通图、强连通分量	209	kp	第6章 图 > 6.1　图的基本概念 > 6.1.1　图的定义 > 10．强连通图、强连通分量
wangdao-ds		11．生成树、生成森林	210	kp	第6章 图 > 6.1　图的基本概念 > 6.1.1　图的定义 > 11．生成树、生成森林
wangdao-ds		12．边的权、网和带权路径长度	210	kp	第6章 图 > 6.1　图的基本概念 > 6.1.1　图的定义 > 12．边的权、网和带权路径长度
wangdao-ds		13．完全图（也称简单完全图）	210	kp	第6章 图 > 6.1　图的基本概念 > 6.1.1　图的定义 > 13．完全图（也称简单完全图）
wangdao-ds		14．稠密图、稀疏图	210	kp	第6章 图 > 6.1　图的基本概念 > 6.1.1　图的定义 > 14．稠密图、稀疏图
wangdao-ds		15．有向树	210	kp	第6章 图 > 6.1　图的基本概念 > 6.1.1　图的定义 > 15．有向树
wangdao-ds	6.1.2	6.1.2　本节试题精选	210	ex	第6章 图 > 6.1　图的基本概念 > 6.1.2　本节试题精选
wangdao-ds		一、单项选择题	210	ex	第6章 图 > 6.1　图的基本概念 > 6.1.2　本节试题精选 > 一、单项选择题
wangdao-ds		二、综合应用题	212	ex	第6章 图 > 6.1　图的基本概念 > 6.1.2　本节试题精选 > 二、综合应用题
wangdao-ds	6.1.3	6.1.3　答案与解析	212	ex	第6章 图 > 6.1　图的基本概念 > 6.1.3　答案与解析
wangdao-ds		一、单项选择题	212	ex	第6章 图 > 6.1　图的基本概念 > 6.1.3　答案与解析 > 一、单项选择题
wangdao-ds		二、综合应用题	214	ex	第6章 图 > 6.1　图的基本概念 > 6.1.3　答案与解析 > 二、综合应用题
wangdao-ds	6.2	6.2　图的存储及基本操作	214	kp	第6章 图 > 6.2　图的存储及基本操作
wangdao-ds	6.2.1	6.2.1　邻接矩阵法	214	kp	第6章 图 > 6.2　图的存储及基本操作 > 6.2.1　邻接矩阵法
wangdao-ds	6.2.2	6.2.2　邻接表法	216	kp	第6章 图 > 6.2　图的存储及基本操作 > 6.2.2　邻接表法
wangdao-ds	6.2.3	6.2.3　十字链表	217	kp	第6章 图 > 6.2　图的存储及基本操作 > 6.2.3　十字链表
wangdao-ds	6.2.4	6.2.4　邻接多重表	218	kp	第6章 图 > 6.2　图的存储及基本操作 > 6.2.4　邻接多重表
wangdao-ds	6.2.5	6.2.5　图的基本操作	219	kp	第6章 图 > 6.2　图的存储及基本操作 > 6.2.5　图的基本操作
wangdao-ds	6.2.6	6.2.6　本节试题精选	219	ex	第6章 图 > 6.2　图的存储及基本操作 > 6.2.6　本节试题精选
wangdao-ds		一、单项选择题	219	ex	第6章 图 > 6.2　图的存储及基本操作 > 6.2.6　本节试题精选 > 一、单项选择题
wangdao-ds		二、综合应用题	221	ex	第6章 图 > 6.2　图的存储及基本操作 > 6.2.6　本节试题精选 > 二、综合应用题
wangdao-ds	6.2.7	6.2.7　答案与解析	223	ex	第6章 图 > 6.2　图的存储及基本操作 > 6.2.7　答案与解析
wangdao-ds		一、单项选择题	223	ex	第6章 图 > 6.2　图的存储及基本操作 > 6.2.7　答案与解析 > 一、单项选择题
wangdao-ds		二、综合应用题	225	ex	第6章 图 > 6.2　图的存储及基本操作 > 6.2.7　答案与解析 > 二、综合应用题
wangdao-ds	6.3	6.3　图的遍历	227	kp	第6章 图 > 6.3　图的遍历
wangdao-ds	6.3.1	6.3.1　广度优先搜索	227	kp	第6章 图 > 6.3　图的遍历 > 6.3.1　广度优先搜索
wangdao-ds		1．BFS算法的性能分析	229	kp	第6章 图 > 6.3　图的遍历 > 6.3.1　广度优先搜索 > 1．BFS算法的性能分析
wangdao-ds		2．BFS算法求解单源最短路径问题	229	kp	第6章 图 > 6.3　图的遍历 > 6.3.1　广度优先搜索 > 2．BFS算法求解单源最短路径问题
wangdao-ds		3．广度优先生成树	229	kp	第6章 图 > 6.3　图的遍历 > 6.3.1　广度优先搜索 > 3．广度优先生成树
wangdao-ds	6.3.2	6.3.2　深度优先搜索	230	kp	第6章 图 > 6.3　图的遍历 > 6.3.2　深度优先搜索
wangdao-ds		1．DFS算法的性能分析	231	kp	第6章 图 > 6.3　图的遍历 > 6.3.2　深度优先搜索 > 1．DFS算法的性能分析
wangdao-ds		2．深度优先的生成树和生成森林	231	kp	第6章 图 > 6.3　图的遍历 > 6.3.2　深度优先搜索 > 2．深度优先的生成树和生成森林
wangdao-ds	6.3.3	6.3.3　图的遍历与图的连通性	231	kp	第6章 图 > 6.3　图的遍历 > 6.3.3　图的遍历与图的连通性
wangdao-ds	6.3.4	6.3.4　本节试题精选	231	ex	第6章 图 > 6.3　图的遍历 > 6.3.4　本节试题精选
wangdao-ds		一、单项选择题	231	ex	第6章 图 > 6.3　图的遍历 > 6.3.4　本节试题精选 > 一、单项选择题
wangdao-ds		二、综合应用题	233	ex	第6章 图 > 6.3　图的遍历 > 6.3.4　本节试题精选 > 二、综合应用题
wangdao-ds	6.3.5	6.3.5　答案与解析	234	ex	第6章 图 > 6.3　图的遍历 > 6.3.5　答案与解析
wangdao-ds		一、单项选择题	234	ex	第6章 图 > 6.3　图的遍历 > 6.3.5　答案与解析 > 一、单项选择题
wangdao-ds		二、综合应用题	236	ex	第6章 图 > 6.3　图的遍历 > 6.3.5　答案与解析 > 二、综合应用题
wangdao-ds	6.4	6.4　图的应用	239	kp	第6章 图 > 6.4　图的应用
wangdao-ds	6.4.1	6.4.1　最小生成树	239	kp	第6章 图 > 6.4　图的应用 > 6.4.1　最小生成树
wangdao-ds		1．Prim算法	240	kp	第6章 图 > 6.4　图的应用 > 6.4.1　最小生成树 > 1．Prim算法
wangdao-ds		2．Kruskal算法	240	kp	第6章 图 > 6.4　图的应用 > 6.4.1　最小生成树 > 2．Kruskal算法
wangdao-ds	6.4.2	6.4.2　最短路径	241	kp	第6章 图 > 6.4　图的应用 > 6.4.2　最短路径
wangdao-ds		1．Dijkstra算法求单源最短路径问题	242	kp	第6章 图 > 6.4　图的应用 > 6.4.2　最短路径 > 1．Dijkstra算法求单源最短路径问题
wangdao-ds		2．Floyd算法求各顶点之间最短路径问题	243	kp	第6章 图 > 6.4　图的应用 > 6.4.2　最短路径 > 2．Floyd算法求各顶点之间最短路径问题
wangdao-ds	6.4.3	6.4.3　有向无环图描述表达式	245	kp	第6章 图 > 6.4　图的应用 > 6.4.3　有向无环图描述表达式
wangdao-ds	6.4.4	6.4.4　拓扑排序	245	kp	第6章 图 > 6.4　图的应用 > 6.4.4　拓扑排序
wangdao-ds	6.4.5	6.4.5　关键路径	247	kp	第6章 图 > 6.4　图的应用 > 6.4.5　关键路径
wangdao-ds		1．事件vk的最早发生时间ve(k)	248	kp	第6章 图 > 6.4　图的应用 > 6.4.5　关键路径 > 1．事件vk的最早发生时间ve(k)
wangdao-ds		2．事件vk的最迟发生时间vl(k)	248	kp	第6章 图 > 6.4　图的应用 > 6.4.5　关键路径 > 2．事件vk的最迟发生时间vl(k)
wangdao-ds		3．活动ai的最早开始时间e(i)	248	kp	第6章 图 > 6.4　图的应用 > 6.4.5　关键路径 > 3．活动ai的最早开始时间e(i)
wangdao-ds		4．活动ai的最迟开始时间l(i)	249	kp	第6章 图 > 6.4　图的应用 > 6.4.5　关键路径 > 4．活动ai的最迟开始时间l(i)
wangdao-ds		5．一个活动ai的最迟开始时间l(i)与其最早开始时间e(i)的差额：	249	kp	第6章 图 > 6.4　图的应用 > 6.4.5　关键路径 > 5．一个活动ai的最迟开始时间l(i)与其最早开始时间e(i)的差额：
wangdao-ds	6.4.6	6.4.6　本节试题精选	250	ex	第6章 图 > 6.4　图的应用 > 6.4.6　本节试题精选
wangdao-ds		一、单项选择题	250	ex	第6章 图 > 6.4　图的应用 > 6.4.6　本节试题精选 > 一、单项选择题
wangdao-ds		二、综合应用题	256	ex	第6章 图 > 6.4　图的应用 > 6.4.6　本节试题精选 > 二、综合应用题
wangdao-ds	6.4.7	6.4.7　答案与解析	259	ex	第6章 图 > 6.4　图的应用 > 6.4.7　答案与解析
wangdao-ds		一、单项选择题	259	ex	第6章 图 > 6.4　图的应用 > 6.4.7　答案与解析 > 一、单项选择题
wangdao-ds		二、综合应用题	266	ex	第6章 图 > 6.4　图的应用 > 6.4.7　答案与解析 > 二、综合应用题
wangdao-ds		归纳总结	275	sum	第6章 图 > 归纳总结
wangdao-ds		思维拓展	276	sum	第6章 图 > 思维拓展
wangdao-ds		第7章 查找	277	kp	第7章 查找
wangdao-ds	7.1	7.1  查找的基本概念	277	kp	第7章 查找 > 7.1  查找的基本概念
wangdao-ds	7.2	7.2  顺序查找和折半查找	278	kp	第7章 查找 > 7.2  顺序查找和折半查找
wangdao-ds	7.2.1	7.2.1  顺序查找	278	kp	第7章 查找 > 7.2  顺序查找和折半查找 > 7.2.1  顺序查找
wangdao-ds		1．一般线性表的顺序查找	278	kp	第7章 查找 > 7.2  顺序查找和折半查找 > 7.2.1  顺序查找 > 1．一般线性表的顺序查找
wangdao-ds		2．有序线性表的顺序查找	279	kp	第7章 查找 > 7.2  顺序查找和折半查找 > 7.2.1  顺序查找 > 2．有序线性表的顺序查找
wangdao-ds	7.2.2	7.2.2  折半查找	280	kp	第7章 查找 > 7.2  顺序查找和折半查找 > 7.2.2  折半查找
wangdao-ds	7.2.3	7.2.3  分块查找	281	kp	第7章 查找 > 7.2  顺序查找和折半查找 > 7.2.3  分块查找
wangdao-ds	7.2.4	7.2.4  本节试题精选	282	ex	第7章 查找 > 7.2  顺序查找和折半查找 > 7.2.4  本节试题精选
wangdao-ds		一、单项选择题	282	ex	第7章 查找 > 7.2  顺序查找和折半查找 > 7.2.4  本节试题精选 > 一、单项选择题
wangdao-ds		二、综合应用题	284	ex	第7章 查找 > 7.2  顺序查找和折半查找 > 7.2.4  本节试题精选 > 二、综合应用题
wangdao-ds	7.2.5	7.2.5  答案与解析	285	ex	第7章 查找 > 7.2  顺序查找和折半查找 > 7.2.5  答案与解析
wangdao-ds		一、单项选择题	285	ex	第7章 查找 > 7.2  顺序查找和折半查找 > 7.2.5  答案与解析 > 一、单项选择题
wangdao-ds		二、综合应用题	289	ex	第7章 查找 > 7.2  顺序查找和折半查找 > 7.2.5  答案与解析 > 二、综合应用题
wangdao-ds	7.3	7.3  树形查找	292	kp	第7章 查找 > 7.3  树形查找
wangdao-ds	7.3.1	7.3.1  二叉排序树（BST）	292	kp	第7章 查找 > 7.3  树形查找 > 7.3.1  二叉排序树（BST）
wangdao-ds		1．二叉排序树的定义	292	kp	第7章 查找 > 7.3  树形查找 > 7.3.1  二叉排序树（BST） > 1．二叉排序树的定义
wangdao-ds		2．二叉排序树的查找	292	kp	第7章 查找 > 7.3  树形查找 > 7.3.1  二叉排序树（BST） > 2．二叉排序树的查找
wangdao-ds		3．二叉排序树的插入	292	kp	第7章 查找 > 7.3  树形查找 > 7.3.1  二叉排序树（BST） > 3．二叉排序树的插入
wangdao-ds		4．二叉排序树的构造	293	kp	第7章 查找 > 7.3  树形查找 > 7.3.1  二叉排序树（BST） > 4．二叉排序树的构造
wangdao-ds		5．二叉排序树的删除	293	kp	第7章 查找 > 7.3  树形查找 > 7.3.1  二叉排序树（BST） > 5．二叉排序树的删除
wangdao-ds		6．二叉排序树的查找效率分析	294	kp	第7章 查找 > 7.3  树形查找 > 7.3.1  二叉排序树（BST） > 6．二叉排序树的查找效率分析
wangdao-ds	7.3.2	7.3.2  平衡二叉树	295	kp	第7章 查找 > 7.3  树形查找 > 7.3.2  平衡二叉树
wangdao-ds		1．平衡二叉树的定义	295	kp	第7章 查找 > 7.3  树形查找 > 7.3.2  平衡二叉树 > 1．平衡二叉树的定义
wangdao-ds		2．平衡二叉树的插入	296	kp	第7章 查找 > 7.3  树形查找 > 7.3.2  平衡二叉树 > 2．平衡二叉树的插入
wangdao-ds		3．平衡二叉树的删除	298	kp	第7章 查找 > 7.3  树形查找 > 7.3.2  平衡二叉树 > 3．平衡二叉树的删除
wangdao-ds		4．平衡二叉树的查找	299	kp	第7章 查找 > 7.3  树形查找 > 7.3.2  平衡二叉树 > 4．平衡二叉树的查找
wangdao-ds	7.3.3	7.3.3  红黑树	299	kp	第7章 查找 > 7.3  树形查找 > 7.3.3  红黑树
wangdao-ds		1．红黑树的定义	299	kp	第7章 查找 > 7.3  树形查找 > 7.3.3  红黑树 > 1．红黑树的定义
wangdao-ds		2．红黑树的插入	300	kp	第7章 查找 > 7.3  树形查找 > 7.3.3  红黑树 > 2．红黑树的插入
wangdao-ds		*3．红黑树的删除	302	kp	第7章 查找 > 7.3  树形查找 > 7.3.3  红黑树 > *3．红黑树的删除
wangdao-ds	7.3.4	7.3.4  本节试题精选	304	ex	第7章 查找 > 7.3  树形查找 > 7.3.4  本节试题精选
wangdao-ds		一、单项选择题	304	ex	第7章 查找 > 7.3  树形查找 > 7.3.4  本节试题精选 > 一、单项选择题
wangdao-ds		二、综合应用题	308	ex	第7章 查找 > 7.3  树形查找 > 7.3.4  本节试题精选 > 二、综合应用题
wangdao-ds	7.3.5	7.3.5  答案与解析	308	ex	第7章 查找 > 7.3  树形查找 > 7.3.5  答案与解析
wangdao-ds		一、单项选择题	308	ex	第7章 查找 > 7.3  树形查找 > 7.3.5  答案与解析 > 一、单项选择题
wangdao-ds		二、综合应用题	314	ex	第7章 查找 > 7.3  树形查找 > 7.3.5  答案与解析 > 二、综合应用题
wangdao-ds	7.4	7.4  B树 和B+树	318	kp	第7章 查找 > 7.4  B树 和B+树
wangdao-ds	7.4.1	7.4.1  B树及其基本操作	318	kp	第7章 查找 > 7.4  B树 和B+树 > 7.4.1  B树及其基本操作
wangdao-ds		1．B树的查找	319	kp	第7章 查找 > 7.4  B树 和B+树 > 7.4.1  B树及其基本操作 > 1．B树的查找
wangdao-ds		2．B树的高度（磁盘存取次数）	319	kp	第7章 查找 > 7.4  B树 和B+树 > 7.4.1  B树及其基本操作 > 2．B树的高度（磁盘存取次数）
wangdao-ds		3．B树的插入	320	kp	第7章 查找 > 7.4  B树 和B+树 > 7.4.1  B树及其基本操作 > 3．B树的插入
wangdao-ds		4．B树的删除	320	kp	第7章 查找 > 7.4  B树 和B+树 > 7.4.1  B树及其基本操作 > 4．B树的删除
wangdao-ds	7.4.2	7.4.2  B+树的基本概念	321	kp	第7章 查找 > 7.4  B树 和B+树 > 7.4.2  B+树的基本概念
wangdao-ds	7.4.3	7.4.3  本节试题精选	322	ex	第7章 查找 > 7.4  B树 和B+树 > 7.4.3  本节试题精选
wangdao-ds		一、单项选择题	322	ex	第7章 查找 > 7.4  B树 和B+树 > 7.4.3  本节试题精选 > 一、单项选择题
wangdao-ds		二、综合应用题	325	ex	第7章 查找 > 7.4  B树 和B+树 > 7.4.3  本节试题精选 > 二、综合应用题
wangdao-ds	7.4.4	7.4.4  答案与解析	325	ex	第7章 查找 > 7.4  B树 和B+树 > 7.4.4  答案与解析
wangdao-ds		一、单项选择题	325	ex	第7章 查找 > 7.4  B树 和B+树 > 7.4.4  答案与解析 > 一、单项选择题
wangdao-ds		二、综合应用题	329	ex	第7章 查找 > 7.4  B树 和B+树 > 7.4.4  答案与解析 > 二、综合应用题
wangdao-ds	7.5	7.5  散列（Hash）表	331	kp	第7章 查找 > 7.5  散列（Hash）表
wangdao-ds	7.5.1	7.5.1  散列表的基本概念	331	kp	第7章 查找 > 7.5  散列（Hash）表 > 7.5.1  散列表的基本概念
wangdao-ds	7.5.2	7.5.2  散列函数的构造方法	331	kp	第7章 查找 > 7.5  散列（Hash）表 > 7.5.2  散列函数的构造方法
wangdao-ds		1．直接定址法	332	kp	第7章 查找 > 7.5  散列（Hash）表 > 7.5.2  散列函数的构造方法 > 1．直接定址法
wangdao-ds		2．除留余数法	332	kp	第7章 查找 > 7.5  散列（Hash）表 > 7.5.2  散列函数的构造方法 > 2．除留余数法
wangdao-ds		3．数字分析法	332	kp	第7章 查找 > 7.5  散列（Hash）表 > 7.5.2  散列函数的构造方法 > 3．数字分析法
wangdao-ds		4．平方取中法	332	kp	第7章 查找 > 7.5  散列（Hash）表 > 7.5.2  散列函数的构造方法 > 4．平方取中法
wangdao-ds	7.5.3	7.5.3  处理冲突的方法	332	kp	第7章 查找 > 7.5  散列（Hash）表 > 7.5.3  处理冲突的方法
wangdao-ds		1．开放定址法	333	kp	第7章 查找 > 7.5  散列（Hash）表 > 7.5.3  处理冲突的方法 > 1．开放定址法
wangdao-ds		2．拉链法（链接法，chaining）	333	kp	第7章 查找 > 7.5  散列（Hash）表 > 7.5.3  处理冲突的方法 > 2．拉链法（链接法，chaining）
wangdao-ds	7.5.4	7.5.4  散列查找及性能分析的应用	334	kp	第7章 查找 > 7.5  散列（Hash）表 > 7.5.4  散列查找及性能分析的应用
wangdao-ds	7.5.5	7.5.5  本节试题精选	335	ex	第7章 查找 > 7.5  散列（Hash）表 > 7.5.5  本节试题精选
wangdao-ds		一、单项选择题	335	ex	第7章 查找 > 7.5  散列（Hash）表 > 7.5.5  本节试题精选 > 一、单项选择题
wangdao-ds		二、综合应用题	337	ex	第7章 查找 > 7.5  散列（Hash）表 > 7.5.5  本节试题精选 > 二、综合应用题
wangdao-ds	7.5.6	7.5.6  答案与解析	338	ex	第7章 查找 > 7.5  散列（Hash）表 > 7.5.6  答案与解析
wangdao-ds		一、单项选择题	338	ex	第7章 查找 > 7.5  散列（Hash）表 > 7.5.6  答案与解析 > 一、单项选择题
wangdao-ds		二、综合应用题	341	ex	第7章 查找 > 7.5  散列（Hash）表 > 7.5.6  答案与解析 > 二、综合应用题
wangdao-ds		归纳总结	344	sum	第7章 查找 > 归纳总结
wangdao-ds		思维拓展	344	sum	第7章 查找 > 思维拓展
wangdao-ds		第8章 排序	346	kp	第8章 排序
wangdao-ds	8.1	8.1  排序的基本概念	346	kp	第8章 排序 > 8.1  排序的基本概念
wangdao-ds	8.1.1	8.1.1  排序的定义	346	kp	第8章 排序 > 8.1  排序的基本概念 > 8.1.1  排序的定义
wangdao-ds	8.1.2	8.1.2  本节试题精选	347	ex	第8章 排序 > 8.1  排序的基本概念 > 8.1.2  本节试题精选
wangdao-ds		单项选择题	347	ex	第8章 排序 > 8.1  排序的基本概念 > 8.1.2  本节试题精选 > 单项选择题
wangdao-ds	8.1.3	8.1.3  答案与解析	347	ex	第8章 排序 > 8.1  排序的基本概念 > 8.1.3  答案与解析
wangdao-ds		单项选择题	347	ex	第8章 排序 > 8.1  排序的基本概念 > 8.1.3  答案与解析 > 单项选择题
wangdao-ds	8.2	8.2  插入排序	348	kp	第8章 排序 > 8.2  插入排序
wangdao-ds	8.2.1	8.2.1  直接插入排序	348	kp	第8章 排序 > 8.2  插入排序 > 8.2.1  直接插入排序
wangdao-ds	8.2.2	8.2.2  折半插入排序	349	kp	第8章 排序 > 8.2  插入排序 > 8.2.2  折半插入排序
wangdao-ds	8.2.3	8.2.3  希尔排序	350	kp	第8章 排序 > 8.2  插入排序 > 8.2.3  希尔排序
wangdao-ds	8.2.4	8.2.4  本节试题精选	351	ex	第8章 排序 > 8.2  插入排序 > 8.2.4  本节试题精选
wangdao-ds		一、单项选择题	351	ex	第8章 排序 > 8.2  插入排序 > 8.2.4  本节试题精选 > 一、单项选择题
wangdao-ds		二、综合应用题	352	ex	第8章 排序 > 8.2  插入排序 > 8.2.4  本节试题精选 > 二、综合应用题
wangdao-ds	8.2.5	8.2.5  答案与解析	353	ex	第8章 排序 > 8.2  插入排序 > 8.2.5  答案与解析
wangdao-ds		一、单项选择题	353	ex	第8章 排序 > 8.2  插入排序 > 8.2.5  答案与解析 > 一、单项选择题
wangdao-ds		二、综合应用题	354	ex	第8章 排序 > 8.2  插入排序 > 8.2.5  答案与解析 > 二、综合应用题
wangdao-ds	8.3	8.3  交换排序	355	kp	第8章 排序 > 8.3  交换排序
wangdao-ds	8.3.1	8.3.1  冒泡排序	355	kp	第8章 排序 > 8.3  交换排序 > 8.3.1  冒泡排序
wangdao-ds	8.3.2	8.3.2  快速排序	356	kp	第8章 排序 > 8.3  交换排序 > 8.3.2  快速排序
wangdao-ds	8.3.3	8.3.3  本节试题精选	359	ex	第8章 排序 > 8.3  交换排序 > 8.3.3  本节试题精选
wangdao-ds		一、单项选择题	359	ex	第8章 排序 > 8.3  交换排序 > 8.3.3  本节试题精选 > 一、单项选择题
wangdao-ds		二、综合应用题	360	ex	第8章 排序 > 8.3  交换排序 > 8.3.3  本节试题精选 > 二、综合应用题
wangdao-ds	8.3.4	8.3.4  答案与解析	361	ex	第8章 排序 > 8.3  交换排序 > 8.3.4  答案与解析
wangdao-ds		一、单项选择题	361	ex	第8章 排序 > 8.3  交换排序 > 8.3.4  答案与解析 > 一、单项选择题
wangdao-ds		二、综合应用题	363	ex	第8章 排序 > 8.3  交换排序 > 8.3.4  答案与解析 > 二、综合应用题
wangdao-ds	8.4	8.4  选择排序	366	kp	第8章 排序 > 8.4  选择排序
wangdao-ds	8.4.1	8.4.1  简单选择排序	366	kp	第8章 排序 > 8.4  选择排序 > 8.4.1  简单选择排序
wangdao-ds	8.4.2	8.4.2  堆排序	366	kp	第8章 排序 > 8.4  选择排序 > 8.4.2  堆排序
wangdao-ds	8.4.3	8.4.3  本节试题精选	369	ex	第8章 排序 > 8.4  选择排序 > 8.4.3  本节试题精选
wangdao-ds		一、单项选择题	369	ex	第8章 排序 > 8.4  选择排序 > 8.4.3  本节试题精选 > 一、单项选择题
wangdao-ds		二、综合应用题	371	ex	第8章 排序 > 8.4  选择排序 > 8.4.3  本节试题精选 > 二、综合应用题
wangdao-ds	8.4.4	8.4.4  答案与解析	372	ex	第8章 排序 > 8.4  选择排序 > 8.4.4  答案与解析
wangdao-ds		一、单项选择题	372	ex	第8章 排序 > 8.4  选择排序 > 8.4.4  答案与解析 > 一、单项选择题
wangdao-ds		二、综合应用题	375	ex	第8章 排序 > 8.4  选择排序 > 8.4.4  答案与解析 > 二、综合应用题
wangdao-ds	8.5	8.5  归并排序、基数排序和计数排序	378	kp	第8章 排序 > 8.5  归并排序、基数排序和计数排序
wangdao-ds	8.5.1	8.5.1  归并排序	378	kp	第8章 排序 > 8.5  归并排序、基数排序和计数排序 > 8.5.1  归并排序
wangdao-ds	8.5.2	8.5.2  基数排序	380	kp	第8章 排序 > 8.5  归并排序、基数排序和计数排序 > 8.5.2  基数排序
wangdao-ds	8.5.3	*8.5.3  计数排序	381	kp	第8章 排序 > 8.5  归并排序、基数排序和计数排序 > *8.5.3  计数排序
wangdao-ds	8.5.4	8.5.4  本节试题精选	382	ex	第8章 排序 > 8.5  归并排序、基数排序和计数排序 > 8.5.4  本节试题精选
wangdao-ds		一、单项选择题	382	ex	第8章 排序 > 8.5  归并排序、基数排序和计数排序 > 8.5.4  本节试题精选 > 一、单项选择题
wangdao-ds		二、综合应用题	384	ex	第8章 排序 > 8.5  归并排序、基数排序和计数排序 > 8.5.4  本节试题精选 > 二、综合应用题
wangdao-ds	8.5.5	8.5.5  答案与解析	385	ex	第8章 排序 > 8.5  归并排序、基数排序和计数排序 > 8.5.5  答案与解析
wangdao-ds		一、单项选择题	385	ex	第8章 排序 > 8.5  归并排序、基数排序和计数排序 > 8.5.5  答案与解析 > 一、单项选择题
wangdao-ds		二、综合应用题	387	ex	第8章 排序 > 8.5  归并排序、基数排序和计数排序 > 8.5.5  答案与解析 > 二、综合应用题
wangdao-ds	8.6	8.6  各种内部排序算法的比较及应用	388	kp	第8章 排序 > 8.6  各种内部排序算法的比较及应用
wangdao-ds	8.6.1	8.6.1  内部排序算法的比较	388	kp	第8章 排序 > 8.6  各种内部排序算法的比较及应用 > 8.6.1  内部排序算法的比较
wangdao-ds	8.6.2	8.6.2  内部排序算法的应用	389	kp	第8章 排序 > 8.6  各种内部排序算法的比较及应用 > 8.6.2  内部排序算法的应用
wangdao-ds		1．选取排序算法需要考虑的因素	389	kp	第8章 排序 > 8.6  各种内部排序算法的比较及应用 > 8.6.2  内部排序算法的应用 > 1．选取排序算法需要考虑的因素
wangdao-ds		2．排序算法选型小结	389	kp	第8章 排序 > 8.6  各种内部排序算法的比较及应用 > 8.6.2  内部排序算法的应用 > 2．排序算法选型小结
wangdao-ds	8.6.3	8.6.3  本节试题精选	389	ex	第8章 排序 > 8.6  各种内部排序算法的比较及应用 > 8.6.3  本节试题精选
wangdao-ds		一、单项选择题	389	ex	第8章 排序 > 8.6  各种内部排序算法的比较及应用 > 8.6.3  本节试题精选 > 一、单项选择题
wangdao-ds		二、综合应用题	392	ex	第8章 排序 > 8.6  各种内部排序算法的比较及应用 > 8.6.3  本节试题精选 > 二、综合应用题
wangdao-ds	8.6.4	8.6.4  答案与解析	392	ex	第8章 排序 > 8.6  各种内部排序算法的比较及应用 > 8.6.4  答案与解析
wangdao-ds		一、单项选择题	392	ex	第8章 排序 > 8.6  各种内部排序算法的比较及应用 > 8.6.4  答案与解析 > 一、单项选择题
wangdao-ds		二、综合应用题	394	ex	第8章 排序 > 8.6  各种内部排序算法的比较及应用 > 8.6.4  答案与解析 > 二、综合应用题
wangdao-ds	8.7	8.7  外部排序	395	kp	第8章 排序 > 8.7  外部排序
wangdao-ds	8.7.1	8.7.1  外部排序的基本概念	395	kp	第8章 排序 > 8.7  外部排序 > 8.7.1  外部排序的基本概念
wangdao-ds	8.7.2	8.7.2  外部排序的方法	396	kp	第8章 排序 > 8.7  外部排序 > 8.7.2  外部排序的方法
wangdao-ds	8.7.3	8.7.3  多路平衡归并与败者树	397	kp	第8章 排序 > 8.7  外部排序 > 8.7.3  多路平衡归并与败者树
wangdao-ds	8.7.4	8.7.4  置换-选择排序（生成初始归并段）	398	kp	第8章 排序 > 8.7  外部排序 > 8.7.4  置换-选择排序（生成初始归并段）
wangdao-ds	8.7.5	8.7.5  最佳归并树	399	kp	第8章 排序 > 8.7  外部排序 > 8.7.5  最佳归并树
wangdao-ds	8.7.6	8.7.6  本节试题精选	400	ex	第8章 排序 > 8.7  外部排序 > 8.7.6  本节试题精选
wangdao-ds		一、单项选择题	400	ex	第8章 排序 > 8.7  外部排序 > 8.7.6  本节试题精选 > 一、单项选择题
wangdao-ds		二、综合应用题	401	ex	第8章 排序 > 8.7  外部排序 > 8.7.6  本节试题精选 > 二、综合应用题
wangdao-ds	8.7.7	8.7.7  答案与解析	401	ex	第8章 排序 > 8.7  外部排序 > 8.7.7  答案与解析
wangdao-ds		一、单项选择题	401	ex	第8章 排序 > 8.7  外部排序 > 8.7.7  答案与解析 > 一、单项选择题
wangdao-ds		二、综合应用题	403	ex	第8章 排序 > 8.7  外部排序 > 8.7.7  答案与解析 > 二、综合应用题
wangdao-ds		归纳总结	1	sum	第8章 排序 > 归纳总结
wangdao-ds		思维拓展	1	sum	第8章 排序 > 思维拓展
wangdao-co		第1章 计算机系统概述	13	kp	第1章 计算机系统概述
wangdao-co	1.1	*1.1 计算机发展历程	13	kp	第1章 计算机系统概述 > *1.1 计算机发展历程
wangdao-co	1.1.1	1.1.1 计算机硬件的发展	13	kp	第1章 计算机系统概述 > *1.1 计算机发展历程 > 1.1.1 计算机硬件的发展
wangdao-co	1.1.2	1.1.2 计算机软件的发展	14	kp	第1章 计算机系统概述 > *1.1 计算机发展历程 > 1.1.2 计算机软件的发展
wangdao-co	1.2	1.2 计算机系统层次结构	14	kp	第1章 计算机系统概述 > 1.2 计算机系统层次结构
wangdao-co	1.2.1	1.2.1 计算机系统的组成	14	kp	第1章 计算机系统概述 > 1.2 计算机系统层次结构 > 1.2.1 计算机系统的组成
wangdao-co	1.2.2	1.2.2 计算机硬件	15	kp	第1章 计算机系统概述 > 1.2 计算机系统层次结构 > 1.2.2 计算机硬件
wangdao-co	1.2.3	1.2.3 计算机软件	16	kp	第1章 计算机系统概述 > 1.2 计算机系统层次结构 > 1.2.3 计算机软件
wangdao-co	1.2.4	1.2.4 计算机系统的层次结构	16	kp	第1章 计算机系统概述 > 1.2 计算机系统层次结构 > 1.2.4 计算机系统的层次结构
wangdao-co	1.2.5	1.2.5 计算机系统的不同用户	18	kp	第1章 计算机系统概述 > 1.2 计算机系统层次结构 > 1.2.5 计算机系统的不同用户
wangdao-co	1.2.6	1.2.6 计算机系统的工作原理	19	kp	第1章 计算机系统概述 > 1.2 计算机系统层次结构 > 1.2.6 计算机系统的工作原理
wangdao-co	1.2.7	1.2.7 本节习题精选	20	ex	第1章 计算机系统概述 > 1.2 计算机系统层次结构 > 1.2.7 本节习题精选
wangdao-co	1.2.8	1.2.8 答案与解析	21	ex	第1章 计算机系统概述 > 1.2 计算机系统层次结构 > 1.2.8 答案与解析
wangdao-co	1.3	1.3 计算机的性能指标	23	kp	第1章 计算机系统概述 > 1.3 计算机的性能指标
wangdao-co	1.3.1	1.3.1 计算机的主要性能指标	23	kp	第1章 计算机系统概述 > 1.3 计算机的性能指标 > 1.3.1 计算机的主要性能指标
wangdao-co	1.3.2	1.3.2 本节习题精选	25	ex	第1章 计算机系统概述 > 1.3 计算机的性能指标 > 1.3.2 本节习题精选
wangdao-co	1.3.3	1.3.3 答案与解析	27	ex	第1章 计算机系统概述 > 1.3 计算机的性能指标 > 1.3.3 答案与解析
wangdao-co	1.4	1.4 本章小结	30	sum	第1章 计算机系统概述 > 1.4 本章小结
wangdao-co	1.5	1.5 常见问题和易混淆知识点	30	sum	第1章 计算机系统概述 > 1.5 常见问题和易混淆知识点
wangdao-co		第2章 数据的表示和运算	32	kp	第2章 数据的表示和运算
wangdao-co	2.1	2.1 数制与编码	32	kp	第2章 数据的表示和运算 > 2.1 数制与编码
wangdao-co	2.1.1	2.1.1 进位计数制及其相互转换	32	kp	第2章 数据的表示和运算 > 2.1 数制与编码 > 2.1.1 进位计数制及其相互转换
wangdao-co	2.1.2	2.1.2 定点数的编码表示	34	kp	第2章 数据的表示和运算 > 2.1 数制与编码 > 2.1.2 定点数的编码表示
wangdao-co	2.1.3	2.1.3 整数的表示	37	kp	第2章 数据的表示和运算 > 2.1 数制与编码 > 2.1.3 整数的表示
wangdao-co	2.1.4	2.1.4 C语言中的整数类型及类型转换	37	kp	第2章 数据的表示和运算 > 2.1 数制与编码 > 2.1.4 C语言中的整数类型及类型转换
wangdao-co	2.1.5	2.1.5 本节习题精选	39	ex	第2章 数据的表示和运算 > 2.1 数制与编码 > 2.1.5 本节习题精选
wangdao-co	2.1.6	2.1.6 答案与解析	41	ex	第2章 数据的表示和运算 > 2.1 数制与编码 > 2.1.6 答案与解析
wangdao-co	2.2	2.2 运算方法和运算电路	44	kp	第2章 数据的表示和运算 > 2.2 运算方法和运算电路
wangdao-co	2.2.1	2.2.1 基本运算部件	44	kp	第2章 数据的表示和运算 > 2.2 运算方法和运算电路 > 2.2.1 基本运算部件
wangdao-co	2.2.2	2.2.2 定点数的移位运算	47	kp	第2章 数据的表示和运算 > 2.2 运算方法和运算电路 > 2.2.2 定点数的移位运算
wangdao-co	2.2.3	2.2.3 定点数的加减运算	47	kp	第2章 数据的表示和运算 > 2.2 运算方法和运算电路 > 2.2.3 定点数的加减运算
wangdao-co	2.2.4	2.2.4 定点数的乘除运算	51	kp	第2章 数据的表示和运算 > 2.2 运算方法和运算电路 > 2.2.4 定点数的乘除运算
wangdao-co	2.2.5	2.2.5 本节习题精选	56	ex	第2章 数据的表示和运算 > 2.2 运算方法和运算电路 > 2.2.5 本节习题精选
wangdao-co	2.2.6	2.2.6 答案与解析	60	ex	第2章 数据的表示和运算 > 2.2 运算方法和运算电路 > 2.2.6 答案与解析
wangdao-co	2.3	2.3 浮点数的表示与运算	65	kp	第2章 数据的表示和运算 > 2.3 浮点数的表示与运算
wangdao-co	2.3.1	2.3.1 IEEE 754 标准的浮点数	66	kp	第2章 数据的表示和运算 > 2.3 浮点数的表示与运算 > 2.3.1 IEEE 754 标准的浮点数
wangdao-co	2.3.2	2.3.2 浮点数的加减运算	68	kp	第2章 数据的表示和运算 > 2.3 浮点数的表示与运算 > 2.3.2 浮点数的加减运算
wangdao-co	2.3.3	2.3.3 C语言中的浮点数类型	70	kp	第2章 数据的表示和运算 > 2.3 浮点数的表示与运算 > 2.3.3 C语言中的浮点数类型
wangdao-co	2.3.4	2.3.4 数据的宽度和存储	71	kp	第2章 数据的表示和运算 > 2.3 浮点数的表示与运算 > 2.3.4 数据的宽度和存储
wangdao-co	2.3.5	2.3.5 本节习题精选	73	ex	第2章 数据的表示和运算 > 2.3 浮点数的表示与运算 > 2.3.5 本节习题精选
wangdao-co	2.3.6	2.3.6 答案与解析	78	ex	第2章 数据的表示和运算 > 2.3 浮点数的表示与运算 > 2.3.6 答案与解析
wangdao-co	2.4	2.4 本章小结	87	sum	第2章 数据的表示和运算 > 2.4 本章小结
wangdao-co	2.5	2.5 常见问题和易混淆知识点	87	sum	第2章 数据的表示和运算 > 2.5 常见问题和易混淆知识点
wangdao-co		第3章 存储系统	89	kp	第3章 存储系统
wangdao-co	3.1	3.1 存储器概述	89	kp	第3章 存储系统 > 3.1 存储器概述
wangdao-co	3.1.1	3.1.1 存储器的分类	89	kp	第3章 存储系统 > 3.1 存储器概述 > 3.1.1 存储器的分类
wangdao-co	3.1.2	3.1.2 主存储器的组成和基本操作	90	kp	第3章 存储系统 > 3.1 存储器概述 > 3.1.2 主存储器的组成和基本操作
wangdao-co	3.1.3	3.1.3 存储器的层次化结构	91	kp	第3章 存储系统 > 3.1 存储器概述 > 3.1.3 存储器的层次化结构
wangdao-co	3.1.4	3.1.4 存储器的主要性能指标	91	kp	第3章 存储系统 > 3.1 存储器概述 > 3.1.4 存储器的主要性能指标
wangdao-co	3.1.5	3.1.5 本节习题精选	92	ex	第3章 存储系统 > 3.1 存储器概述 > 3.1.5 本节习题精选
wangdao-co	3.1.6	3.1.6 答案与解析	93	ex	第3章 存储系统 > 3.1 存储器概述 > 3.1.6 答案与解析
wangdao-co	3.2	3.2 主存储器	94	kp	第3章 存储系统 > 3.2 主存储器
wangdao-co	3.2.1	3.2.1 半导体随机存取存储器	94	kp	第3章 存储系统 > 3.2 主存储器 > 3.2.1 半导体随机存取存储器
wangdao-co	3.2.2	3.2.2 非易失性存储器	97	kp	第3章 存储系统 > 3.2 主存储器 > 3.2.2 非易失性存储器
wangdao-co	3.2.3	3.2.3 多模块存储器	97	kp	第3章 存储系统 > 3.2 主存储器 > 3.2.3 多模块存储器
wangdao-co	3.2.4	3.2.4 本节习题精选	99	ex	第3章 存储系统 > 3.2 主存储器 > 3.2.4 本节习题精选
wangdao-co	3.2.5	3.2.5 答案与解析	104	ex	第3章 存储系统 > 3.2 主存储器 > 3.2.5 答案与解析
wangdao-co	3.3	3.3 主存储器与CPU的连接	109	kp	第3章 存储系统 > 3.3 主存储器与CPU的连接
wangdao-co	3.3.1	3.3.1 连接原理	109	kp	第3章 存储系统 > 3.3 主存储器与CPU的连接 > 3.3.1 连接原理
wangdao-co	3.3.2	3.3.2 主存容量的扩展	109	kp	第3章 存储系统 > 3.3 主存储器与CPU的连接 > 3.3.2 主存容量的扩展
wangdao-co	3.3.3	3.3.3 本节习题精选	111	ex	第3章 存储系统 > 3.3 主存储器与CPU的连接 > 3.3.3 本节习题精选
wangdao-co	3.3.4	3.3.4 答案与解析	112	ex	第3章 存储系统 > 3.3 主存储器与CPU的连接 > 3.3.4 答案与解析
wangdao-co	3.4	3.4 外部存储器	114	kp	第3章 存储系统 > 3.4 外部存储器
wangdao-co	3.4.1	3.4.1 磁盘存储器	114	kp	第3章 存储系统 > 3.4 外部存储器 > 3.4.1 磁盘存储器
wangdao-co	3.4.2	3.4.2 固态硬盘	116	kp	第3章 存储系统 > 3.4 外部存储器 > 3.4.2 固态硬盘
wangdao-co	3.4.3	3.4.3 本节习题精选	117	ex	第3章 存储系统 > 3.4 外部存储器 > 3.4.3 本节习题精选
wangdao-co	3.4.4	3.4.4 答案与解析	119	ex	第3章 存储系统 > 3.4 外部存储器 > 3.4.4 答案与解析
wangdao-co	3.5	3.5 高速缓冲存储器	121	kp	第3章 存储系统 > 3.5 高速缓冲存储器
wangdao-co	3.5.1	3.5.1 程序访问的局部性原理	121	kp	第3章 存储系统 > 3.5 高速缓冲存储器 > 3.5.1 程序访问的局部性原理
wangdao-co	3.5.2	3.5.2 Cache 的基本工作原理	122	kp	第3章 存储系统 > 3.5 高速缓冲存储器 > 3.5.2 Cache 的基本工作原理
wangdao-co	3.5.3	3.5.3 Cache 和主存的映射方式	123	kp	第3章 存储系统 > 3.5 高速缓冲存储器 > 3.5.3 Cache 和主存的映射方式
wangdao-co	3.5.4	3.5.4 Cache 中主存块的替换算法	126	kp	第3章 存储系统 > 3.5 高速缓冲存储器 > 3.5.4 Cache 中主存块的替换算法
wangdao-co	3.5.5	3.5.5 Cache 的一致性问题	127	kp	第3章 存储系统 > 3.5 高速缓冲存储器 > 3.5.5 Cache 的一致性问题
wangdao-co	3.5.6	3.5.6 Cache 容量的计算举例	127	kp	第3章 存储系统 > 3.5 高速缓冲存储器 > 3.5.6 Cache 容量的计算举例
wangdao-co	3.5.7	3.5.7 Cache 的应用	128	kp	第3章 存储系统 > 3.5 高速缓冲存储器 > 3.5.7 Cache 的应用
wangdao-co	3.5.8	3.5.8 本节习题精选	129	ex	第3章 存储系统 > 3.5 高速缓冲存储器 > 3.5.8 本节习题精选
wangdao-co	3.5.9	3.5.9 答案与解析	134	ex	第3章 存储系统 > 3.5 高速缓冲存储器 > 3.5.9 答案与解析
wangdao-co	3.6	3.6 虚拟存储器	142	kp	第3章 存储系统 > 3.6 虚拟存储器
wangdao-co	3.6.1	3.6.1 虚拟存储器的基本概念	142	kp	第3章 存储系统 > 3.6 虚拟存储器 > 3.6.1 虚拟存储器的基本概念
wangdao-co	3.6.2	3.6.2 页式虚拟存储器	142	kp	第3章 存储系统 > 3.6 虚拟存储器 > 3.6.2 页式虚拟存储器
wangdao-co	3.6.3	3.6.3 段式虚拟存储器	146	kp	第3章 存储系统 > 3.6 虚拟存储器 > 3.6.3 段式虚拟存储器
wangdao-co	3.6.4	3.6.4 段页式虚拟存储器	146	kp	第3章 存储系统 > 3.6 虚拟存储器 > 3.6.4 段页式虚拟存储器
wangdao-co	3.6.5	3.6.5 虚拟存储器与 Cache 的比较	147	kp	第3章 存储系统 > 3.6 虚拟存储器 > 3.6.5 虚拟存储器与 Cache 的比较
wangdao-co	3.6.6	3.6.6 本节习题精选	147	ex	第3章 存储系统 > 3.6 虚拟存储器 > 3.6.6 本节习题精选
wangdao-co	3.6.7	3.6.7 答案与解析	153	ex	第3章 存储系统 > 3.6 虚拟存储器 > 3.6.7 答案与解析
wangdao-co	3.7	3.7 本章小结	158	sum	第3章 存储系统 > 3.7 本章小结
wangdao-co	3.8	3.8 常见问题和易混淆知识点	159	sum	第3章 存储系统 > 3.8 常见问题和易混淆知识点
wangdao-co		第4章 指令系统	160	kp	第4章 指令系统
wangdao-co	4.1	4.1 指令系统	160	kp	第4章 指令系统 > 4.1 指令系统
wangdao-co	4.1.1	4.1.1 指令集体系结构	160	kp	第4章 指令系统 > 4.1 指令系统 > 4.1.1 指令集体系结构
wangdao-co	4.1.2	4.1.2 指令的基本格式	161	kp	第4章 指令系统 > 4.1 指令系统 > 4.1.2 指令的基本格式
wangdao-co	4.1.3	4.1.3 定长操作码指令格式	162	kp	第4章 指令系统 > 4.1 指令系统 > 4.1.3 定长操作码指令格式
wangdao-co	4.1.4	4.1.4 扩展操作码指令格式	162	kp	第4章 指令系统 > 4.1 指令系统 > 4.1.4 扩展操作码指令格式
wangdao-co	4.1.5	4.1.5 指令的类型	163	kp	第4章 指令系统 > 4.1 指令系统 > 4.1.5 指令的类型
wangdao-co	4.1.6	4.1.6 本节习题精选	163	ex	第4章 指令系统 > 4.1 指令系统 > 4.1.6 本节习题精选
wangdao-co	4.1.7	4.1.7 答案与解析	165	ex	第4章 指令系统 > 4.1 指令系统 > 4.1.7 答案与解析
wangdao-co	4.2	4.2 寻址方式	168	kp	第4章 指令系统 > 4.2 寻址方式
wangdao-co	4.2.1	4.2.1 指令寻址和数据寻址	168	kp	第4章 指令系统 > 4.2 寻址方式 > 4.2.1 指令寻址和数据寻址
wangdao-co	4.2.2	4.2.2 常见的数据寻址方式	169	kp	第4章 指令系统 > 4.2 寻址方式 > 4.2.2 常见的数据寻址方式
wangdao-co	4.2.3	4.2.3 本节习题精选	172	ex	第4章 指令系统 > 4.2 寻址方式 > 4.2.3 本节习题精选
wangdao-co	4.2.4	4.2.4 答案与解析	178	ex	第4章 指令系统 > 4.2 寻址方式 > 4.2.4 答案与解析
wangdao-co	4.3	4.3 程序的机器级代码表示	183	kp	第4章 指令系统 > 4.3 程序的机器级代码表示
wangdao-co	4.3.1	4.3.1 常用汇编指令介绍	184	kp	第4章 指令系统 > 4.3 程序的机器级代码表示 > 4.3.1 常用汇编指令介绍
wangdao-co	4.3.2	4.3.2 选择语句的机器级表示	188	kp	第4章 指令系统 > 4.3 程序的机器级代码表示 > 4.3.2 选择语句的机器级表示
wangdao-co	4.3.3	4.3.3 循环语句的机器级表示	189	kp	第4章 指令系统 > 4.3 程序的机器级代码表示 > 4.3.3 循环语句的机器级表示
wangdao-co	4.3.4	4.3.4 过程调用的机器级表示	191	kp	第4章 指令系统 > 4.3 程序的机器级代码表示 > 4.3.4 过程调用的机器级表示
wangdao-co	4.3.5	4.3.5 本节习题精选	193	ex	第4章 指令系统 > 4.3 程序的机器级代码表示 > 4.3.5 本节习题精选
wangdao-co	4.3.6	4.3.6 答案与解析	199	ex	第4章 指令系统 > 4.3 程序的机器级代码表示 > 4.3.6 答案与解析
wangdao-co	4.4	4.4 CISC 和 RISC 的基本概念	202	kp	第4章 指令系统 > 4.4 CISC 和 RISC 的基本概念
wangdao-co	4.4.1	4.4.1 复杂指令系统计算机（CISC）	203	kp	第4章 指令系统 > 4.4 CISC 和 RISC 的基本概念 > 4.4.1 复杂指令系统计算机（CISC）
wangdao-co	4.4.2	4.4.2 精简指令系统计算机（RISC）	203	kp	第4章 指令系统 > 4.4 CISC 和 RISC 的基本概念 > 4.4.2 精简指令系统计算机（RISC）
wangdao-co	4.4.3	4.4.3 CISC 和 RISC 的比较	203	kp	第4章 指令系统 > 4.4 CISC 和 RISC 的基本概念 > 4.4.3 CISC 和 RISC 的比较
wangdao-co	4.4.4	4.4.4 本节习题精选	204	ex	第4章 指令系统 > 4.4 CISC 和 RISC 的基本概念 > 4.4.4 本节习题精选
wangdao-co	4.4.5	4.4.5 答案与解析	205	ex	第4章 指令系统 > 4.4 CISC 和 RISC 的基本概念 > 4.4.5 答案与解析
wangdao-co	4.5	4.5 本章小结	205	sum	第4章 指令系统 > 4.5 本章小结
wangdao-co	4.6	4.6 常见问题和易混淆知识点	206	sum	第4章 指令系统 > 4.6 常见问题和易混淆知识点
wangdao-co		第5章 中央处理器	207	kp	第5章 中央处理器
wangdao-co	5.1	5.1 CPU 的功能和基本结构	207	kp	第5章 中央处理器 > 5.1 CPU 的功能和基本结构
wangdao-co	5.1.1	5.1.1 CPU 的功能	207	kp	第5章 中央处理器 > 5.1 CPU 的功能和基本结构 > 5.1.1 CPU 的功能
wangdao-co	5.1.2	5.1.2 CPU 的基本结构	208	kp	第5章 中央处理器 > 5.1 CPU 的功能和基本结构 > 5.1.2 CPU 的基本结构
wangdao-co	5.1.3	5.1.3 CPU 中的寄存器	209	kp	第5章 中央处理器 > 5.1 CPU 的功能和基本结构 > 5.1.3 CPU 中的寄存器
wangdao-co	5.1.4	5.1.4 本节习题精选	209	ex	第5章 中央处理器 > 5.1 CPU 的功能和基本结构 > 5.1.4 本节习题精选
wangdao-co	5.1.5	5.1.5 答案与解析	211	ex	第5章 中央处理器 > 5.1 CPU 的功能和基本结构 > 5.1.5 答案与解析
wangdao-co	5.2	5.2 指令执行过程	213	kp	第5章 中央处理器 > 5.2 指令执行过程
wangdao-co	5.2.1	5.2.1 指令执行的一般流程	213	kp	第5章 中央处理器 > 5.2 指令执行过程 > 5.2.1 指令执行的一般流程
wangdao-co	5.2.2	5.2.2 CPU 的时序控制	214	kp	第5章 中央处理器 > 5.2 指令执行过程 > 5.2.2 CPU 的时序控制
wangdao-co	5.2.3	5.2.3 指令周期的基本概念	214	kp	第5章 中央处理器 > 5.2 指令执行过程 > 5.2.3 指令周期的基本概念
wangdao-co	5.2.4	5.2.4 处理器指令执行模型	215	kp	第5章 中央处理器 > 5.2 指令执行过程 > 5.2.4 处理器指令执行模型
wangdao-co	5.2.5	5.2.5 本节习题精选	216	ex	第5章 中央处理器 > 5.2 指令执行过程 > 5.2.5 本节习题精选
wangdao-co	5.2.6	5.2.6 答案与解析	217	ex	第5章 中央处理器 > 5.2 指令执行过程 > 5.2.6 答案与解析
wangdao-co	5.3	5.3 数据通路的功能和基本结构	218	kp	第5章 中央处理器 > 5.3 数据通路的功能和基本结构
wangdao-co	5.3.1	5.3.1 数据通路的功能	218	kp	第5章 中央处理器 > 5.3 数据通路的功能和基本结构 > 5.3.1 数据通路的功能
wangdao-co	5.3.2	5.3.2 数据通路的组成	218	kp	第5章 中央处理器 > 5.3 数据通路的功能和基本结构 > 5.3.2 数据通路的组成
wangdao-co	5.3.3	5.3.3 数据通路的组织与分类	219	kp	第5章 中央处理器 > 5.3 数据通路的功能和基本结构 > 5.3.3 数据通路的组织与分类
wangdao-co	5.3.4	5.3.4 单总线结构的数据通路	220	kp	第5章 中央处理器 > 5.3 数据通路的功能和基本结构 > 5.3.4 单总线结构的数据通路
wangdao-co	5.3.5	5.3.5 专用结构的数据通路	222	kp	第5章 中央处理器 > 5.3 数据通路的功能和基本结构 > 5.3.5 专用结构的数据通路
wangdao-co	5.3.6	5.3.6 本节习题精选	225	ex	第5章 中央处理器 > 5.3 数据通路的功能和基本结构 > 5.3.6 本节习题精选
wangdao-co	5.3.7	5.3.7 答案与解析	233	ex	第5章 中央处理器 > 5.3 数据通路的功能和基本结构 > 5.3.7 答案与解析
wangdao-co	5.4	5.4 控制器的功能和工作原理	240	kp	第5章 中央处理器 > 5.4 控制器的功能和工作原理
wangdao-co	5.4.1	5.4.1 控制器的结构和功能	240	kp	第5章 中央处理器 > 5.4 控制器的功能和工作原理 > 5.4.1 控制器的结构和功能
wangdao-co	5.4.2	5.4.2 硬布线控制器	241	kp	第5章 中央处理器 > 5.4 控制器的功能和工作原理 > 5.4.2 硬布线控制器
wangdao-co	5.4.3	5.4.3 微程序控制器	241	kp	第5章 中央处理器 > 5.4 控制器的功能和工作原理 > 5.4.3 微程序控制器
wangdao-co	5.4.4	5.4.4 本节习题精选	246	ex	第5章 中央处理器 > 5.4 控制器的功能和工作原理 > 5.4.4 本节习题精选
wangdao-co	5.4.5	5.4.5 答案与解析	250	ex	第5章 中央处理器 > 5.4 控制器的功能和工作原理 > 5.4.5 答案与解析
wangdao-co	5.5	5.5 异常和中断机制	254	kp	第5章 中央处理器 > 5.5 异常和中断机制
wangdao-co	5.5.1	5.5.1 异常和中断的基本概念	254	kp	第5章 中央处理器 > 5.5 异常和中断机制 > 5.5.1 异常和中断的基本概念
wangdao-co	5.5.2	5.5.2 异常和中断的分类	254	kp	第5章 中央处理器 > 5.5 异常和中断机制 > 5.5.2 异常和中断的分类
wangdao-co	5.5.3	5.5.3 异常和中断响应过程	255	kp	第5章 中央处理器 > 5.5 异常和中断机制 > 5.5.3 异常和中断响应过程
wangdao-co	5.5.4	5.5.4 本节习题精选	256	ex	第5章 中央处理器 > 5.5 异常和中断机制 > 5.5.4 本节习题精选
wangdao-co	5.5.5	5.5.5 答案与解析	257	ex	第5章 中央处理器 > 5.5 异常和中断机制 > 5.5.5 答案与解析
wangdao-co	5.6	5.6 指令流水线	259	kp	第5章 中央处理器 > 5.6 指令流水线
wangdao-co	5.6.1	5.6.1 指令流水线的基本概念	259	kp	第5章 中央处理器 > 5.6 指令流水线 > 5.6.1 指令流水线的基本概念
wangdao-co	5.6.2	5.6.2 流水线的基本实现	260	kp	第5章 中央处理器 > 5.6 指令流水线 > 5.6.2 流水线的基本实现
wangdao-co	5.6.3	5.6.3 MIPS 指令集的流水段分析	261	kp	第5章 中央处理器 > 5.6 指令流水线 > 5.6.3 MIPS 指令集的流水段分析
wangdao-co	5.6.4	5.6.4 流水线的冒险与处理	263	kp	第5章 中央处理器 > 5.6 指令流水线 > 5.6.4 流水线的冒险与处理
wangdao-co	5.6.5	5.6.5 高级流水线技术	266	kp	第5章 中央处理器 > 5.6 指令流水线 > 5.6.5 高级流水线技术
wangdao-co	5.6.6	5.6.6 本节习题精选	267	ex	第5章 中央处理器 > 5.6 指令流水线 > 5.6.6 本节习题精选
wangdao-co	5.6.7	5.6.7 答案与解析	272	ex	第5章 中央处理器 > 5.6 指令流水线 > 5.6.7 答案与解析
wangdao-co	5.7	5.7 多处理器的基本概念	279	kp	第5章 中央处理器 > 5.7 多处理器的基本概念
wangdao-co	5.7.1	5.7.1 SISD、SIMD、MIMD 的基本概念	279	kp	第5章 中央处理器 > 5.7 多处理器的基本概念 > 5.7.1 SISD、SIMD、MIMD 的基本概念
wangdao-co	5.7.2	5.7.2 硬件多线程的基本概念	280	kp	第5章 中央处理器 > 5.7 多处理器的基本概念 > 5.7.2 硬件多线程的基本概念
wangdao-co	5.7.3	5.7.3 多核处理器的基本概念	281	kp	第5章 中央处理器 > 5.7 多处理器的基本概念 > 5.7.3 多核处理器的基本概念
wangdao-co	5.7.4	5.7.4 共享内存多处理器的基本概念	281	kp	第5章 中央处理器 > 5.7 多处理器的基本概念 > 5.7.4 共享内存多处理器的基本概念
wangdao-co	5.7.5	5.7.5 本节习题精选	282	ex	第5章 中央处理器 > 5.7 多处理器的基本概念 > 5.7.5 本节习题精选
wangdao-co	5.7.6	5.7.6 答案与解析	283	ex	第5章 中央处理器 > 5.7 多处理器的基本概念 > 5.7.6 答案与解析
wangdao-co	5.8	5.8 本章小结	284	sum	第5章 中央处理器 > 5.8 本章小结
wangdao-co	5.9	5.9 常见问题和易混淆知识点	285	sum	第5章 中央处理器 > 5.9 常见问题和易混淆知识点
wangdao-co		第6章 总线	286	kp	第6章 总线
wangdao-co	6.1	6.1 总线概述	286	kp	第6章 总线 > 6.1 总线概述
wangdao-co	6.1.1	6.1.1 总线的分类	286	kp	第6章 总线 > 6.1 总线概述 > 6.1.1 总线的分类
wangdao-co	6.1.2	*6.1.2 常见的总线标准	287	kp	第6章 总线 > 6.1 总线概述 > *6.1.2 常见的总线标准
wangdao-co	6.1.3	6.1.3 总线的性能指标	288	kp	第6章 总线 > 6.1 总线概述 > 6.1.3 总线的性能指标
wangdao-co	6.1.4	6.1.4 总线的结构	288	kp	第6章 总线 > 6.1 总线概述 > 6.1.4 总线的结构
wangdao-co	6.1.5	6.1.5 本节习题精选	290	ex	第6章 总线 > 6.1 总线概述 > 6.1.5 本节习题精选
wangdao-co	6.1.6	6.1.6 答案与解析	292	ex	第6章 总线 > 6.1 总线概述 > 6.1.6 答案与解析
wangdao-co	6.2	6.2 总线事务和定时	295	kp	第6章 总线 > 6.2 总线事务和定时
wangdao-co	6.2.1	6.2.1 总线事务	295	kp	第6章 总线 > 6.2 总线事务和定时 > 6.2.1 总线事务
wangdao-co	6.2.2	6.2.2 总线定时	296	kp	第6章 总线 > 6.2 总线事务和定时 > 6.2.2 总线定时
wangdao-co	6.2.3	6.2.3 本节习题精选	298	ex	第6章 总线 > 6.2 总线事务和定时 > 6.2.3 本节习题精选
wangdao-co	6.2.4	6.2.4 答案与解析	300	ex	第6章 总线 > 6.2 总线事务和定时 > 6.2.4 答案与解析
wangdao-co	6.3	6.3 本章小结	302	sum	第6章 总线 > 6.3 本章小结
wangdao-co	6.4	6.4 常见问题和易混淆知识点	302	sum	第6章 总线 > 6.4 常见问题和易混淆知识点
wangdao-co		第7章 输入/输出系统	303	kp	第7章 输入/输出系统
wangdao-co	7.1	*7.1 I/O 系统基本概念	303	kp	第7章 输入/输出系统 > *7.1 I/O 系统基本概念
wangdao-co	7.1.1	*7.1.1 输入/输出系统	303	kp	第7章 输入/输出系统 > *7.1 I/O 系统基本概念 > *7.1.1 输入/输出系统
wangdao-co	7.1.2	*7.1.2 外部设备	304	kp	第7章 输入/输出系统 > *7.1 I/O 系统基本概念 > *7.1.2 外部设备
wangdao-co	7.1.3	*7.1.3 本节习题精选	305	ex	第7章 输入/输出系统 > *7.1 I/O 系统基本概念 > *7.1.3 本节习题精选
wangdao-co	7.1.4	*7.1.4 答案与解析	305	ex	第7章 输入/输出系统 > *7.1 I/O 系统基本概念 > *7.1.4 答案与解析
wangdao-co	7.2	7.2 I/O 接口	305	kp	第7章 输入/输出系统 > 7.2 I/O 接口
wangdao-co	7.2.1	7.2.1 I/O 接口的功能	306	kp	第7章 输入/输出系统 > 7.2 I/O 接口 > 7.2.1 I/O 接口的功能
wangdao-co	7.2.2	7.2.2 I/O 接口的基本结构	306	kp	第7章 输入/输出系统 > 7.2 I/O 接口 > 7.2.2 I/O 接口的基本结构
wangdao-co	7.2.3	7.2.3 I/O 接口的类型	307	kp	第7章 输入/输出系统 > 7.2 I/O 接口 > 7.2.3 I/O 接口的类型
wangdao-co	7.2.4	7.2.4 I/O 端口及其编址	307	kp	第7章 输入/输出系统 > 7.2 I/O 接口 > 7.2.4 I/O 端口及其编址
wangdao-co	7.2.5	7.2.5 本节习题精选	309	ex	第7章 输入/输出系统 > 7.2 I/O 接口 > 7.2.5 本节习题精选
wangdao-co	7.2.6	7.2.6 答案与解析	309	ex	第7章 输入/输出系统 > 7.2 I/O 接口 > 7.2.6 答案与解析
wangdao-co	7.3	7.3 I/O 方式	311	kp	第7章 输入/输出系统 > 7.3 I/O 方式
wangdao-co	7.3.1	7.3.1 程序查询方式	311	kp	第7章 输入/输出系统 > 7.3 I/O 方式 > 7.3.1 程序查询方式
wangdao-co	7.3.2	7.3.2 程序中断方式	312	kp	第7章 输入/输出系统 > 7.3 I/O 方式 > 7.3.2 程序中断方式
wangdao-co	7.3.3	7.3.3 DMA 方式	317	kp	第7章 输入/输出系统 > 7.3 I/O 方式 > 7.3.3 DMA 方式
wangdao-co	7.3.4	7.3.4 本节习题精选	321	ex	第7章 输入/输出系统 > 7.3 I/O 方式 > 7.3.4 本节习题精选
wangdao-co	7.3.5	7.3.5 答案与解析	329	ex	第7章 输入/输出系统 > 7.3 I/O 方式 > 7.3.5 答案与解析
wangdao-co	7.4	7.4 本章小结	338	sum	第7章 输入/输出系统 > 7.4 本章小结
wangdao-co	7.5	7.5 常见问题和易混淆知识点	338	sum	第7章 输入/输出系统 > 7.5 常见问题和易混淆知识点
wangdao-os		前   言	4	other	前   言
wangdao-os		致  读  者	5	other	致  读  者
wangdao-os		王道训练营	6	sum	王道训练营
wangdao-os		目   录	8	other	目   录
wangdao-os		第1章	13	kp	第1章
wangdao-os		第1章 计算机系统概述	13	kp	第1章 计算机系统概述
wangdao-os		【考纲内容】	13	other	第1章 计算机系统概述 > 【考纲内容】
wangdao-os		【复习提示】	13	other	第1章 计算机系统概述 > 【复习提示】
wangdao-os	1.1	1.1  操作系统的基本概念	13	kp	第1章 计算机系统概述 > 1.1  操作系统的基本概念
wangdao-os	1.1.1	1.1.1  操作系统的概念	13	kp	第1章 计算机系统概述 > 1.1  操作系统的基本概念 > 1.1.1  操作系统的概念
wangdao-os	1.1.2	1.1.2  操作系统的功能和目标	14	kp	第1章 计算机系统概述 > 1.1  操作系统的基本概念 > 1.1.2  操作系统的功能和目标
wangdao-os		1．操作系统作为计算机系统资源的管理者	14	kp	第1章 计算机系统概述 > 1.1  操作系统的基本概念 > 1.1.2  操作系统的功能和目标 > 1．操作系统作为计算机系统资源的管理者
wangdao-os		2．操作系统作为用户与计算机硬件系统之间的接口	14	kp	第1章 计算机系统概述 > 1.1  操作系统的基本概念 > 1.1.2  操作系统的功能和目标 > 2．操作系统作为用户与计算机硬件系统之间的接口
wangdao-os		3．操作系统实现了对计算机资源的扩充	15	kp	第1章 计算机系统概述 > 1.1  操作系统的基本概念 > 1.1.2  操作系统的功能和目标 > 3．操作系统实现了对计算机资源的扩充
wangdao-os	1.1.3	1.1.3  操作系统的特征	15	kp	第1章 计算机系统概述 > 1.1  操作系统的基本概念 > 1.1.3  操作系统的特征
wangdao-os		1．并发（Concurrency）	15	kp	第1章 计算机系统概述 > 1.1  操作系统的基本概念 > 1.1.3  操作系统的特征 > 1．并发（Concurrency）
wangdao-os		2．共享（Sharing）	16	kp	第1章 计算机系统概述 > 1.1  操作系统的基本概念 > 1.1.3  操作系统的特征 > 2．共享（Sharing）
wangdao-os		3．虚拟（Virtual）	16	kp	第1章 计算机系统概述 > 1.1  操作系统的基本概念 > 1.1.3  操作系统的特征 > 3．虚拟（Virtual）
wangdao-os		4．异步（Asynchronism）	17	kp	第1章 计算机系统概述 > 1.1  操作系统的基本概念 > 1.1.3  操作系统的特征 > 4．异步（Asynchronism）
wangdao-os	1.1.4	1.1.4  本节习题精选	17	ex	第1章 计算机系统概述 > 1.1  操作系统的基本概念 > 1.1.4  本节习题精选
wangdao-os		单项选择题	17	ex	第1章 计算机系统概述 > 1.1  操作系统的基本概念 > 1.1.4  本节习题精选 > 单项选择题
wangdao-os	1.1.5	1.1.5  答案与解析	18	ex	第1章 计算机系统概述 > 1.1  操作系统的基本概念 > 1.1.5  答案与解析
wangdao-os		单项选择题	18	ex	第1章 计算机系统概述 > 1.1  操作系统的基本概念 > 1.1.5  答案与解析 > 单项选择题
wangdao-os	1.2	1.2  操作系统发展历程	19	kp	第1章 计算机系统概述 > 1.2  操作系统发展历程
wangdao-os	1.2.1	1.2.1  手工操作阶段（未配置操作系统）	19	kp	第1章 计算机系统概述 > 1.2  操作系统发展历程 > 1.2.1  手工操作阶段（未配置操作系统）
wangdao-os		1．人工操作方式	19	kp	第1章 计算机系统概述 > 1.2  操作系统发展历程 > 1.2.1  手工操作阶段（未配置操作系统） > 1．人工操作方式
wangdao-os		2．脱机I/O方式	19	kp	第1章 计算机系统概述 > 1.2  操作系统发展历程 > 1.2.1  手工操作阶段（未配置操作系统） > 2．脱机I/O方式
wangdao-os	1.2.2	1.2.2  批处理阶段（操作系统开始出现）	19	kp	第1章 计算机系统概述 > 1.2  操作系统发展历程 > 1.2.2  批处理阶段（操作系统开始出现）
wangdao-os		1．单道批处理系统	19	kp	第1章 计算机系统概述 > 1.2  操作系统发展历程 > 1.2.2  批处理阶段（操作系统开始出现） > 1．单道批处理系统
wangdao-os		2．多道批处理系统	20	kp	第1章 计算机系统概述 > 1.2  操作系统发展历程 > 1.2.2  批处理阶段（操作系统开始出现） > 2．多道批处理系统
wangdao-os	1.2.3	1.2.3  分时操作系统	20	kp	第1章 计算机系统概述 > 1.2  操作系统发展历程 > 1.2.3  分时操作系统
wangdao-os	1.2.4	1.2.4  实时操作系统	20	kp	第1章 计算机系统概述 > 1.2  操作系统发展历程 > 1.2.4  实时操作系统
wangdao-os	1.2.5	1.2.5  网络操作系统和分布式系统	21	kp	第1章 计算机系统概述 > 1.2  操作系统发展历程 > 1.2.5  网络操作系统和分布式系统
wangdao-os	1.2.6	1.2.6  微机操作系统	21	kp	第1章 计算机系统概述 > 1.2  操作系统发展历程 > 1.2.6  微机操作系统
wangdao-os		1．单用户单任务操作系统	21	kp	第1章 计算机系统概述 > 1.2  操作系统发展历程 > 1.2.6  微机操作系统 > 1．单用户单任务操作系统
wangdao-os		2．单用户多任务操作系统	21	kp	第1章 计算机系统概述 > 1.2  操作系统发展历程 > 1.2.6  微机操作系统 > 2．单用户多任务操作系统
wangdao-os		3．多用户多任务操作系统	21	kp	第1章 计算机系统概述 > 1.2  操作系统发展历程 > 1.2.6  微机操作系统 > 3．多用户多任务操作系统
wangdao-os	1.2.7	1.2.7  本节习题精选	22	ex	第1章 计算机系统概述 > 1.2  操作系统发展历程 > 1.2.7  本节习题精选
wangdao-os		一、单项选择题	22	ex	第1章 计算机系统概述 > 1.2  操作系统发展历程 > 1.2.7  本节习题精选 > 一、单项选择题
wangdao-os		二、综合应用题	24	ex	第1章 计算机系统概述 > 1.2  操作系统发展历程 > 1.2.7  本节习题精选 > 二、综合应用题
wangdao-os	1.2.8	1.2.8  答案与解析	24	ex	第1章 计算机系统概述 > 1.2  操作系统发展历程 > 1.2.8  答案与解析
wangdao-os		一、单项选择题	24	ex	第1章 计算机系统概述 > 1.2  操作系统发展历程 > 1.2.8  答案与解析 > 一、单项选择题
wangdao-os		二、综合应用题	26	ex	第1章 计算机系统概述 > 1.2  操作系统发展历程 > 1.2.8  答案与解析 > 二、综合应用题
wangdao-os	1.3	1.3  操作系统的运行环境	27	kp	第1章 计算机系统概述 > 1.3  操作系统的运行环境
wangdao-os	1.3.1	1.3.1  操作系统内核	27	kp	第1章 计算机系统概述 > 1.3  操作系统的运行环境 > 1.3.1  操作系统内核
wangdao-os		1．支撑功能	27	kp	第1章 计算机系统概述 > 1.3  操作系统的运行环境 > 1.3.1  操作系统内核 > 1．支撑功能
wangdao-os		2．系统资源管理功能	27	kp	第1章 计算机系统概述 > 1.3  操作系统的运行环境 > 1.3.1  操作系统内核 > 2．系统资源管理功能
wangdao-os	1.3.2	1.3.2  处理机的双重工作模式	28	kp	第1章 计算机系统概述 > 1.3  操作系统的运行环境 > 1.3.2  处理机的双重工作模式
wangdao-os	1.3.3	1.3.3  中断和异常的概念	28	kp	第1章 计算机系统概述 > 1.3  操作系统的运行环境 > 1.3.3  中断和异常的概念
wangdao-os		1．中断和异常的定义	28	kp	第1章 计算机系统概述 > 1.3  操作系统的运行环境 > 1.3.3  中断和异常的概念 > 1．中断和异常的定义
wangdao-os		2．中断和异常的分类	29	kp	第1章 计算机系统概述 > 1.3  操作系统的运行环境 > 1.3.3  中断和异常的概念 > 2．中断和异常的分类
wangdao-os		3．中断和异常的处理过程	29	kp	第1章 计算机系统概述 > 1.3  操作系统的运行环境 > 1.3.3  中断和异常的概念 > 3．中断和异常的处理过程
wangdao-os	1.3.4	1.3.4  系统调用	29	kp	第1章 计算机系统概述 > 1.3  操作系统的运行环境 > 1.3.4  系统调用
wangdao-os	1.3.5	1.3.5  本节习题精选	31	ex	第1章 计算机系统概述 > 1.3  操作系统的运行环境 > 1.3.5  本节习题精选
wangdao-os		单项选择题	31	ex	第1章 计算机系统概述 > 1.3  操作系统的运行环境 > 1.3.5  本节习题精选 > 单项选择题
wangdao-os	1.3.6	1.3.6  答案与解析	34	ex	第1章 计算机系统概述 > 1.3  操作系统的运行环境 > 1.3.6  答案与解析
wangdao-os		单项选择题	34	ex	第1章 计算机系统概述 > 1.3  操作系统的运行环境 > 1.3.6  答案与解析 > 单项选择题
wangdao-os	1.4	1.4  操作系统结构	38	kp	第1章 计算机系统概述 > 1.4  操作系统结构
wangdao-os		1．分层法	38	kp	第1章 计算机系统概述 > 1.4  操作系统结构 > 1．分层法
wangdao-os		2．模块化	38	kp	第1章 计算机系统概述 > 1.4  操作系统结构 > 2．模块化
wangdao-os		3．宏内核	39	kp	第1章 计算机系统概述 > 1.4  操作系统结构 > 3．宏内核
wangdao-os		4．微内核	39	kp	第1章 计算机系统概述 > 1.4  操作系统结构 > 4．微内核
wangdao-os		5．外核	40	kp	第1章 计算机系统概述 > 1.4  操作系统结构 > 5．外核
wangdao-os	1.5	1.5  操作系统引导	41	kp	第1章 计算机系统概述 > 1.5  操作系统引导
wangdao-os	1.6	1.6  虚拟机	42	kp	第1章 计算机系统概述 > 1.6  虚拟机
wangdao-os	1.6.1	1.6.1  虚拟机的基本概念	42	kp	第1章 计算机系统概述 > 1.6  虚拟机 > 1.6.1  虚拟机的基本概念
wangdao-os		1．第一类虚拟机管理程序	42	kp	第1章 计算机系统概述 > 1.6  虚拟机 > 1.6.1  虚拟机的基本概念 > 1．第一类虚拟机管理程序
wangdao-os		2．第二类虚拟机管理程序	42	kp	第1章 计算机系统概述 > 1.6  虚拟机 > 1.6.1  虚拟机的基本概念 > 2．第二类虚拟机管理程序
wangdao-os	1.6.2	1.6.2  本节习题精选	43	ex	第1章 计算机系统概述 > 1.6  虚拟机 > 1.6.2  本节习题精选
wangdao-os		单项选择题	43	ex	第1章 计算机系统概述 > 1.6  虚拟机 > 1.6.2  本节习题精选 > 单项选择题
wangdao-os	1.6.3	1.6.3  答案与解析	45	ex	第1章 计算机系统概述 > 1.6  虚拟机 > 1.6.3  答案与解析
wangdao-os		单项选择题	45	ex	第1章 计算机系统概述 > 1.6  虚拟机 > 1.6.3  答案与解析 > 单项选择题
wangdao-os	1.7	1.7  本章疑难点	47	kp	第1章 计算机系统概述 > 1.7  本章疑难点
wangdao-os		1．并行性与并发性的区别和联系	47	kp	第1章 计算机系统概述 > 1.7  本章疑难点 > 1．并行性与并发性的区别和联系
wangdao-os		2．特权指令与非特权指令	47	kp	第1章 计算机系统概述 > 1.7  本章疑难点 > 2．特权指令与非特权指令
wangdao-os		3．访管指令与访管中断	48	kp	第1章 计算机系统概述 > 1.7  本章疑难点 > 3．访管指令与访管中断
wangdao-os		4．定义微内核结构OS的四个方面	48	kp	第1章 计算机系统概述 > 1.7  本章疑难点 > 4．定义微内核结构OS的四个方面
wangdao-os		第2章 进程与线程	49	kp	第2章 进程与线程
wangdao-os		【考纲内容】	49	other	第2章 进程与线程 > 【考纲内容】
wangdao-os		【复习提示】	49	other	第2章 进程与线程 > 【复习提示】
wangdao-os	2.1	2.1  进程与线程简介	49	kp	第2章 进程与线程 > 2.1  进程与线程简介
wangdao-os	2.1.1	2.1.1  进程的概念和特征	50	kp	第2章 进程与线程 > 2.1  进程与线程简介 > 2.1.1  进程的概念和特征
wangdao-os		1．进程的概念	50	kp	第2章 进程与线程 > 2.1  进程与线程简介 > 2.1.1  进程的概念和特征 > 1．进程的概念
wangdao-os		2．进程的特征	50	kp	第2章 进程与线程 > 2.1  进程与线程简介 > 2.1.1  进程的概念和特征 > 2．进程的特征
wangdao-os	2.1.2	2.1.2  进程的组成	50	kp	第2章 进程与线程 > 2.1  进程与线程简介 > 2.1.2  进程的组成
wangdao-os		1．进程控制块	50	kp	第2章 进程与线程 > 2.1  进程与线程简介 > 2.1.2  进程的组成 > 1．进程控制块
wangdao-os		2．程序段	51	kp	第2章 进程与线程 > 2.1  进程与线程简介 > 2.1.2  进程的组成 > 2．程序段
wangdao-os		3．数据段	52	kp	第2章 进程与线程 > 2.1  进程与线程简介 > 2.1.2  进程的组成 > 3．数据段
wangdao-os	2.1.3	2.1.3  进程的内存映像	52	kp	第2章 进程与线程 > 2.1  进程与线程简介 > 2.1.3  进程的内存映像
wangdao-os		1．代码段	52	kp	第2章 进程与线程 > 2.1  进程与线程简介 > 2.1.3  进程的内存映像 > 1．代码段
wangdao-os		2．数据段	52	kp	第2章 进程与线程 > 2.1  进程与线程简介 > 2.1.3  进程的内存映像 > 2．数据段
wangdao-os		3．进程控制块（PCB）	52	kp	第2章 进程与线程 > 2.1  进程与线程简介 > 2.1.3  进程的内存映像 > 3．进程控制块（PCB）
wangdao-os		4．堆	52	kp	第2章 进程与线程 > 2.1  进程与线程简介 > 2.1.3  进程的内存映像 > 4．堆
wangdao-os		5．栈	52	kp	第2章 进程与线程 > 2.1  进程与线程简介 > 2.1.3  进程的内存映像 > 5．栈
wangdao-os		6．共享库的存储映射区	52	kp	第2章 进程与线程 > 2.1  进程与线程简介 > 2.1.3  进程的内存映像 > 6．共享库的存储映射区
wangdao-os	2.1.4	2.1.4  进程的状态与转换	53	kp	第2章 进程与线程 > 2.1  进程与线程简介 > 2.1.4  进程的状态与转换
wangdao-os	2.1.5	2.1.5  进程控制	54	kp	第2章 进程与线程 > 2.1  进程与线程简介 > 2.1.5  进程控制
wangdao-os		1．进程的创建	54	kp	第2章 进程与线程 > 2.1  进程与线程简介 > 2.1.5  进程控制 > 1．进程的创建
wangdao-os		2．进程的终止	55	kp	第2章 进程与线程 > 2.1  进程与线程简介 > 2.1.5  进程控制 > 2．进程的终止
wangdao-os		3．进程的阻塞和唤醒	55	kp	第2章 进程与线程 > 2.1  进程与线程简介 > 2.1.5  进程控制 > 3．进程的阻塞和唤醒
wangdao-os	2.1.6	2.1.6  进程的通信	55	kp	第2章 进程与线程 > 2.1  进程与线程简介 > 2.1.6  进程的通信
wangdao-os		1．共享存储	56	kp	第2章 进程与线程 > 2.1  进程与线程简介 > 2.1.6  进程的通信 > 1．共享存储
wangdao-os		2．消息传递	56	kp	第2章 进程与线程 > 2.1  进程与线程简介 > 2.1.6  进程的通信 > 2．消息传递
wangdao-os		3．管道通信	56	kp	第2章 进程与线程 > 2.1  进程与线程简介 > 2.1.6  进程的通信 > 3．管道通信
wangdao-os		4．信号	57	kp	第2章 进程与线程 > 2.1  进程与线程简介 > 2.1.6  进程的通信 > 4．信号
wangdao-os	2.1.7	2.1.7  线程和多线程模型	57	kp	第2章 进程与线程 > 2.1  进程与线程简介 > 2.1.7  线程和多线程模型
wangdao-os		1．线程的基本概念	57	kp	第2章 进程与线程 > 2.1  进程与线程简介 > 2.1.7  线程和多线程模型 > 1．线程的基本概念
wangdao-os		2．线程与进程的比较	58	kp	第2章 进程与线程 > 2.1  进程与线程简介 > 2.1.7  线程和多线程模型 > 2．线程与进程的比较
wangdao-os		3．线程的状态与生命周期	59	kp	第2章 进程与线程 > 2.1  进程与线程简介 > 2.1.7  线程和多线程模型 > 3．线程的状态与生命周期
wangdao-os		4．线程控制块	59	kp	第2章 进程与线程 > 2.1  进程与线程简介 > 2.1.7  线程和多线程模型 > 4．线程控制块
wangdao-os		5．线程的实现方式	59	kp	第2章 进程与线程 > 2.1  进程与线程简介 > 2.1.7  线程和多线程模型 > 5．线程的实现方式
wangdao-os	2.1.8	2.1.8  本节小结	62	kp	第2章 进程与线程 > 2.1  进程与线程简介 > 2.1.8  本节小结
wangdao-os	2.1.9	2.1.9  本节习题精选	63	ex	第2章 进程与线程 > 2.1  进程与线程简介 > 2.1.9  本节习题精选
wangdao-os		一、单项选择题	63	ex	第2章 进程与线程 > 2.1  进程与线程简介 > 2.1.9  本节习题精选 > 一、单项选择题
wangdao-os		二、综合应用题	69	ex	第2章 进程与线程 > 2.1  进程与线程简介 > 2.1.9  本节习题精选 > 二、综合应用题
wangdao-os	2.1.10	2.1.10  答案与解析	70	ex	第2章 进程与线程 > 2.1  进程与线程简介 > 2.1.10  答案与解析
wangdao-os		一、单项选择题	70	ex	第2章 进程与线程 > 2.1  进程与线程简介 > 2.1.10  答案与解析 > 一、单项选择题
wangdao-os		二、综合应用题	78	ex	第2章 进程与线程 > 2.1  进程与线程简介 > 2.1.10  答案与解析 > 二、综合应用题
wangdao-os	2.2	2.2  CPU调度	78	kp	第2章 进程与线程 > 2.2  CPU调度
wangdao-os	2.2.1	2.2.1  调度的概念	78	kp	第2章 进程与线程 > 2.2  CPU调度 > 2.2.1  调度的概念
wangdao-os		1．调度的基本概念	78	kp	第2章 进程与线程 > 2.2  CPU调度 > 2.2.1  调度的概念 > 1．调度的基本概念
wangdao-os		2．调度的层次	78	kp	第2章 进程与线程 > 2.2  CPU调度 > 2.2.1  调度的概念 > 2．调度的层次
wangdao-os		3．三级调度的联系	79	kp	第2章 进程与线程 > 2.2  CPU调度 > 2.2.1  调度的概念 > 3．三级调度的联系
wangdao-os	2.2.2	2.2.2  进程调度	79	kp	第2章 进程与线程 > 2.2  CPU调度 > 2.2.2  进程调度
wangdao-os		1. 进程调度任务	79	other	第2章 进程与线程 > 2.2  CPU调度 > 2.2.2  进程调度 > 1. 进程调度任务
wangdao-os		2．调度程序（调度器）	80	kp	第2章 进程与线程 > 2.2  CPU调度 > 2.2.2  进程调度 > 2．调度程序（调度器）
wangdao-os		3．调度的时机、切换与过程	80	kp	第2章 进程与线程 > 2.2  CPU调度 > 2.2.2  进程调度 > 3．调度的时机、切换与过程
wangdao-os		4．进程调度的方式	81	kp	第2章 进程与线程 > 2.2  CPU调度 > 2.2.2  进程调度 > 4．进程调度的方式
wangdao-os		5．闲逛进程	81	kp	第2章 进程与线程 > 2.2  CPU调度 > 2.2.2  进程调度 > 5．闲逛进程
wangdao-os		6．两种线程的调度	81	kp	第2章 进程与线程 > 2.2  CPU调度 > 2.2.2  进程调度 > 6．两种线程的调度
wangdao-os	2.2.3	2.2.3  调度的目标	82	kp	第2章 进程与线程 > 2.2  CPU调度 > 2.2.3  调度的目标
wangdao-os	2.2.4	2.2.4  进程切换	82	kp	第2章 进程与线程 > 2.2  CPU调度 > 2.2.4  进程切换
wangdao-os	2.2.5	2.2.5  CPU调度算法	83	kp	第2章 进程与线程 > 2.2  CPU调度 > 2.2.5  CPU调度算法
wangdao-os		1．先来先服务（FCFS）调度算法	83	kp	第2章 进程与线程 > 2.2  CPU调度 > 2.2.5  CPU调度算法 > 1．先来先服务（FCFS）调度算法
wangdao-os		2．短作业优先（SJF）调度算法	84	kp	第2章 进程与线程 > 2.2  CPU调度 > 2.2.5  CPU调度算法 > 2．短作业优先（SJF）调度算法
wangdao-os		3．高响应比优先调度算法	85	kp	第2章 进程与线程 > 2.2  CPU调度 > 2.2.5  CPU调度算法 > 3．高响应比优先调度算法
wangdao-os		4．优先级调度算法	85	kp	第2章 进程与线程 > 2.2  CPU调度 > 2.2.5  CPU调度算法 > 4．优先级调度算法
wangdao-os		5．时间片轮转（RR）调度算法	86	kp	第2章 进程与线程 > 2.2  CPU调度 > 2.2.5  CPU调度算法 > 5．时间片轮转（RR）调度算法
wangdao-os		6．多级队列调度算法	87	kp	第2章 进程与线程 > 2.2  CPU调度 > 2.2.5  CPU调度算法 > 6．多级队列调度算法
wangdao-os		7．多级反馈队列调度算法（融合了前几种算法的优点）	87	kp	第2章 进程与线程 > 2.2  CPU调度 > 2.2.5  CPU调度算法 > 7．多级反馈队列调度算法（融合了前几种算法的优点）
wangdao-os		8．基于公平原则的调度算法	88	kp	第2章 进程与线程 > 2.2  CPU调度 > 2.2.5  CPU调度算法 > 8．基于公平原则的调度算法
wangdao-os	2.2.6	2.2.6  多处理机调度	89	kp	第2章 进程与线程 > 2.2  CPU调度 > 2.2.6  多处理机调度
wangdao-os		1．亲和性和负载平衡	89	kp	第2章 进程与线程 > 2.2  CPU调度 > 2.2.6  多处理机调度 > 1．亲和性和负载平衡
wangdao-os		2．多处理机调度方案	89	kp	第2章 进程与线程 > 2.2  CPU调度 > 2.2.6  多处理机调度 > 2．多处理机调度方案
wangdao-os	2.2.7	2.2.7  本节小结	90	kp	第2章 进程与线程 > 2.2  CPU调度 > 2.2.7  本节小结
wangdao-os	2.2.8	2.2.8  本节习题精选	90	ex	第2章 进程与线程 > 2.2  CPU调度 > 2.2.8  本节习题精选
wangdao-os		一、单项选择题	90	ex	第2章 进程与线程 > 2.2  CPU调度 > 2.2.8  本节习题精选 > 一、单项选择题
wangdao-os		二、综合应用题	96	ex	第2章 进程与线程 > 2.2  CPU调度 > 2.2.8  本节习题精选 > 二、综合应用题
wangdao-os	2.2.9	2.2.9  答案与解析	99	ex	第2章 进程与线程 > 2.2  CPU调度 > 2.2.9  答案与解析
wangdao-os		一、单项选择题	99	ex	第2章 进程与线程 > 2.2  CPU调度 > 2.2.9  答案与解析 > 一、单项选择题
wangdao-os		二、综合应用题	106	ex	第2章 进程与线程 > 2.2  CPU调度 > 2.2.9  答案与解析 > 二、综合应用题
wangdao-os	2.3	2.3  同步与互斥	111	kp	第2章 进程与线程 > 2.3  同步与互斥
wangdao-os	2.3.1	2.3.1  同步与互斥的基本概念	111	kp	第2章 进程与线程 > 2.3  同步与互斥 > 2.3.1  同步与互斥的基本概念
wangdao-os		1．临界资源	111	kp	第2章 进程与线程 > 2.3  同步与互斥 > 2.3.1  同步与互斥的基本概念 > 1．临界资源
wangdao-os		2．同步（直接制约关系）	111	kp	第2章 进程与线程 > 2.3  同步与互斥 > 2.3.1  同步与互斥的基本概念 > 2．同步（直接制约关系）
wangdao-os		3．互斥（间接制约关系）	112	kp	第2章 进程与线程 > 2.3  同步与互斥 > 2.3.1  同步与互斥的基本概念 > 3．互斥（间接制约关系）
wangdao-os	2.3.2	2.3.2  实现临界区互斥的基本方法	112	kp	第2章 进程与线程 > 2.3  同步与互斥 > 2.3.2  实现临界区互斥的基本方法
wangdao-os		1．软件实现方法	112	kp	第2章 进程与线程 > 2.3  同步与互斥 > 2.3.2  实现临界区互斥的基本方法 > 1．软件实现方法
wangdao-os		2．硬件实现方法	114	kp	第2章 进程与线程 > 2.3  同步与互斥 > 2.3.2  实现临界区互斥的基本方法 > 2．硬件实现方法
wangdao-os	2.3.3	2.3.3  互斥锁	115	kp	第2章 进程与线程 > 2.3  同步与互斥 > 2.3.3  互斥锁
wangdao-os	2.3.4	2.3.4  信号量	116	kp	第2章 进程与线程 > 2.3  同步与互斥 > 2.3.4  信号量
wangdao-os		1．整型信号量	116	kp	第2章 进程与线程 > 2.3  同步与互斥 > 2.3.4  信号量 > 1．整型信号量
wangdao-os		2．记录型信号量	116	kp	第2章 进程与线程 > 2.3  同步与互斥 > 2.3.4  信号量 > 2．记录型信号量
wangdao-os		3．利用信号量实现进程互斥	117	kp	第2章 进程与线程 > 2.3  同步与互斥 > 2.3.4  信号量 > 3．利用信号量实现进程互斥
wangdao-os		4．利用信号量实现同步	117	kp	第2章 进程与线程 > 2.3  同步与互斥 > 2.3.4  信号量 > 4．利用信号量实现同步
wangdao-os		5．利用信号量实现前驱关系	118	kp	第2章 进程与线程 > 2.3  同步与互斥 > 2.3.4  信号量 > 5．利用信号量实现前驱关系
wangdao-os		6．分析进程同步和互斥问题的方法步骤	119	kp	第2章 进程与线程 > 2.3  同步与互斥 > 2.3.4  信号量 > 6．分析进程同步和互斥问题的方法步骤
wangdao-os	2.3.5	2.3.5  经典同步问题	119	kp	第2章 进程与线程 > 2.3  同步与互斥 > 2.3.5  经典同步问题
wangdao-os		1．生产者-消费者问题	119	kp	第2章 进程与线程 > 2.3  同步与互斥 > 2.3.5  经典同步问题 > 1．生产者-消费者问题
wangdao-os		2．读者-写者问题	121	kp	第2章 进程与线程 > 2.3  同步与互斥 > 2.3.5  经典同步问题 > 2．读者-写者问题
wangdao-os		3．哲学家进餐问题	123	kp	第2章 进程与线程 > 2.3  同步与互斥 > 2.3.5  经典同步问题 > 3．哲学家进餐问题
wangdao-os	2.3.6	2.3.6  管程	124	kp	第2章 进程与线程 > 2.3  同步与互斥 > 2.3.6  管程
wangdao-os		1．管程的定义	124	kp	第2章 进程与线程 > 2.3  同步与互斥 > 2.3.6  管程 > 1．管程的定义
wangdao-os		2．条件变量	125	kp	第2章 进程与线程 > 2.3  同步与互斥 > 2.3.6  管程 > 2．条件变量
wangdao-os	2.3.7	2.3.7  本节小结	126	kp	第2章 进程与线程 > 2.3  同步与互斥 > 2.3.7  本节小结
wangdao-os	2.3.8	2.3.8  本节习题精选	126	ex	第2章 进程与线程 > 2.3  同步与互斥 > 2.3.8  本节习题精选
wangdao-os		一、单项选择题	126	ex	第2章 进程与线程 > 2.3  同步与互斥 > 2.3.8  本节习题精选 > 一、单项选择题
wangdao-os		二、综合应用题	133	ex	第2章 进程与线程 > 2.3  同步与互斥 > 2.3.8  本节习题精选 > 二、综合应用题
wangdao-os	2.3.9	2.3.9  答案与解析	139	ex	第2章 进程与线程 > 2.3  同步与互斥 > 2.3.9  答案与解析
wangdao-os		一、单项选择题	139	ex	第2章 进程与线程 > 2.3  同步与互斥 > 2.3.9  答案与解析 > 一、单项选择题
wangdao-os		二、综合应用题	144	ex	第2章 进程与线程 > 2.3  同步与互斥 > 2.3.9  答案与解析 > 二、综合应用题
wangdao-os	2.4	2.4  死锁	161	kp	第2章 进程与线程 > 2.4  死锁
wangdao-os	2.4.1	2.4.1  死锁的概念	162	kp	第2章 进程与线程 > 2.4  死锁 > 2.4.1  死锁的概念
wangdao-os		1．死锁的定义	162	kp	第2章 进程与线程 > 2.4  死锁 > 2.4.1  死锁的概念 > 1．死锁的定义
wangdao-os		2．死锁与饥饿	162	kp	第2章 进程与线程 > 2.4  死锁 > 2.4.1  死锁的概念 > 2．死锁与饥饿
wangdao-os		3．死锁产生的原因	162	kp	第2章 进程与线程 > 2.4  死锁 > 2.4.1  死锁的概念 > 3．死锁产生的原因
wangdao-os		4．死锁产生的必要条件	163	kp	第2章 进程与线程 > 2.4  死锁 > 2.4.1  死锁的概念 > 4．死锁产生的必要条件
wangdao-os		5．死锁的处理策略	163	kp	第2章 进程与线程 > 2.4  死锁 > 2.4.1  死锁的概念 > 5．死锁的处理策略
wangdao-os	2.4.2	2.4.2  死锁预防	164	kp	第2章 进程与线程 > 2.4  死锁 > 2.4.2  死锁预防
wangdao-os		1．破坏互斥条件	164	kp	第2章 进程与线程 > 2.4  死锁 > 2.4.2  死锁预防 > 1．破坏互斥条件
wangdao-os		2．破坏不可剥夺条件	164	kp	第2章 进程与线程 > 2.4  死锁 > 2.4.2  死锁预防 > 2．破坏不可剥夺条件
wangdao-os		3．破坏请求并保持条件	164	kp	第2章 进程与线程 > 2.4  死锁 > 2.4.2  死锁预防 > 3．破坏请求并保持条件
wangdao-os		4．破坏循环等待条件	164	kp	第2章 进程与线程 > 2.4  死锁 > 2.4.2  死锁预防 > 4．破坏循环等待条件
wangdao-os	2.4.3	2.4.3  死锁避免	165	kp	第2章 进程与线程 > 2.4  死锁 > 2.4.3  死锁避免
wangdao-os		1．系统安全状态	165	kp	第2章 进程与线程 > 2.4  死锁 > 2.4.3  死锁避免 > 1．系统安全状态
wangdao-os		2．利用银行家算法避免死锁	165	kp	第2章 进程与线程 > 2.4  死锁 > 2.4.3  死锁避免 > 2．利用银行家算法避免死锁
wangdao-os		3．安全性算法举例	167	kp	第2章 进程与线程 > 2.4  死锁 > 2.4.3  死锁避免 > 3．安全性算法举例
wangdao-os		4．银行家算法举例	168	kp	第2章 进程与线程 > 2.4  死锁 > 2.4.3  死锁避免 > 4．银行家算法举例
wangdao-os	2.4.4	2.4.4  死锁检测与解除	169	kp	第2章 进程与线程 > 2.4  死锁 > 2.4.4  死锁检测与解除
wangdao-os		1．死锁检测	169	kp	第2章 进程与线程 > 2.4  死锁 > 2.4.4  死锁检测与解除 > 1．死锁检测
wangdao-os		2．死锁解除	170	kp	第2章 进程与线程 > 2.4  死锁 > 2.4.4  死锁检测与解除 > 2．死锁解除
wangdao-os	2.4.5	2.4.5  本节小结	170	kp	第2章 进程与线程 > 2.4  死锁 > 2.4.5  本节小结
wangdao-os	2.4.6	2.4.6  本节习题精选	170	ex	第2章 进程与线程 > 2.4  死锁 > 2.4.6  本节习题精选
wangdao-os		一、单项选择题	170	ex	第2章 进程与线程 > 2.4  死锁 > 2.4.6  本节习题精选 > 一、单项选择题
wangdao-os		二、综合应用题	176	ex	第2章 进程与线程 > 2.4  死锁 > 2.4.6  本节习题精选 > 二、综合应用题
wangdao-os	2.4.7	2.4.7  答案与解析	177	ex	第2章 进程与线程 > 2.4  死锁 > 2.4.7  答案与解析
wangdao-os		一、单项选择题	177	ex	第2章 进程与线程 > 2.4  死锁 > 2.4.7  答案与解析 > 一、单项选择题
wangdao-os		二、综合应用题	184	ex	第2章 进程与线程 > 2.4  死锁 > 2.4.7  答案与解析 > 二、综合应用题
wangdao-os	2.5	2.5  本章疑难点	187	kp	第2章 进程与线程 > 2.5  本章疑难点
wangdao-os		1．进程与程序的区别与联系	187	kp	第2章 进程与线程 > 2.5  本章疑难点 > 1．进程与程序的区别与联系
wangdao-os		2．银行家算法的工作原理	187	kp	第2章 进程与线程 > 2.5  本章疑难点 > 2．银行家算法的工作原理
wangdao-os		3．进程同步、互斥的区别和联系	187	kp	第2章 进程与线程 > 2.5  本章疑难点 > 3．进程同步、互斥的区别和联系
wangdao-os		第3章 内存管理	188	kp	第3章 内存管理
wangdao-os		【考纲内容】	188	other	第3章 内存管理 > 【考纲内容】
wangdao-os		【复习提示】	188	other	第3章 内存管理 > 【复习提示】
wangdao-os	3.1	3.1  内存管理概念	188	kp	第3章 内存管理 > 3.1  内存管理概念
wangdao-os	3.1.1	3.1.1  内存管理的基本原理和要求	188	kp	第3章 内存管理 > 3.1  内存管理概念 > 3.1.1  内存管理的基本原理和要求
wangdao-os		1．程序的链接与装入	189	kp	第3章 内存管理 > 3.1  内存管理概念 > 3.1.1  内存管理的基本原理和要求 > 1．程序的链接与装入
wangdao-os		2．逻辑地址与物理地址	189	kp	第3章 内存管理 > 3.1  内存管理概念 > 3.1.1  内存管理的基本原理和要求 > 2．逻辑地址与物理地址
wangdao-os		3．程序的链接	190	kp	第3章 内存管理 > 3.1  内存管理概念 > 3.1.1  内存管理的基本原理和要求 > 3．程序的链接
wangdao-os		4．程序的装入	190	kp	第3章 内存管理 > 3.1  内存管理概念 > 3.1.1  内存管理的基本原理和要求 > 4．程序的装入
wangdao-os		5．内存保护	191	kp	第3章 内存管理 > 3.1  内存管理概念 > 3.1.1  内存管理的基本原理和要求 > 5．内存保护
wangdao-os		6．内存共享	192	kp	第3章 内存管理 > 3.1  内存管理概念 > 3.1.1  内存管理的基本原理和要求 > 6．内存共享
wangdao-os		7．内存分配与回收	192	kp	第3章 内存管理 > 3.1  内存管理概念 > 3.1.1  内存管理的基本原理和要求 > 7．内存分配与回收
wangdao-os	3.1.2	3.1.2  连续分配管理方式	192	kp	第3章 内存管理 > 3.1  内存管理概念 > 3.1.2  连续分配管理方式
wangdao-os		1．单一连续分配	192	kp	第3章 内存管理 > 3.1  内存管理概念 > 3.1.2  连续分配管理方式 > 1．单一连续分配
wangdao-os		2．固定分区分配	192	kp	第3章 内存管理 > 3.1  内存管理概念 > 3.1.2  连续分配管理方式 > 2．固定分区分配
wangdao-os		3．动态分区分配	193	kp	第3章 内存管理 > 3.1  内存管理概念 > 3.1.2  连续分配管理方式 > 3．动态分区分配
wangdao-os	3.1.3	3.1.3  基本分页存储管理	195	kp	第3章 内存管理 > 3.1  内存管理概念 > 3.1.3  基本分页存储管理
wangdao-os		1．分页存储的几个基本概念	195	kp	第3章 内存管理 > 3.1  内存管理概念 > 3.1.3  基本分页存储管理 > 1．分页存储的几个基本概念
wangdao-os		2．基本地址变换机构	196	kp	第3章 内存管理 > 3.1  内存管理概念 > 3.1.3  基本分页存储管理 > 2．基本地址变换机构
wangdao-os		3．具有快表的地址变换机构	197	kp	第3章 内存管理 > 3.1  内存管理概念 > 3.1.3  基本分页存储管理 > 3．具有快表的地址变换机构
wangdao-os		4．两级页表	198	kp	第3章 内存管理 > 3.1  内存管理概念 > 3.1.3  基本分页存储管理 > 4．两级页表
wangdao-os	3.1.4	3.1.4  基本分段存储管理	199	kp	第3章 内存管理 > 3.1  内存管理概念 > 3.1.4  基本分段存储管理
wangdao-os		1．分段	199	kp	第3章 内存管理 > 3.1  内存管理概念 > 3.1.4  基本分段存储管理 > 1．分段
wangdao-os		2．段表	200	kp	第3章 内存管理 > 3.1  内存管理概念 > 3.1.4  基本分段存储管理 > 2．段表
wangdao-os		3．地址变换机构	200	kp	第3章 内存管理 > 3.1  内存管理概念 > 3.1.4  基本分段存储管理 > 3．地址变换机构
wangdao-os		4．分页和分段的对比	201	kp	第3章 内存管理 > 3.1  内存管理概念 > 3.1.4  基本分段存储管理 > 4．分页和分段的对比
wangdao-os		5．段的共享与保护	201	kp	第3章 内存管理 > 3.1  内存管理概念 > 3.1.4  基本分段存储管理 > 5．段的共享与保护
wangdao-os	3.1.5	3.1.5  段页式存储管理	202	kp	第3章 内存管理 > 3.1  内存管理概念 > 3.1.5  段页式存储管理
wangdao-os	3.1.6	3.1.6  本节小结	203	kp	第3章 内存管理 > 3.1  内存管理概念 > 3.1.6  本节小结
wangdao-os	3.1.7	3.1.7  本节习题精选	203	ex	第3章 内存管理 > 3.1  内存管理概念 > 3.1.7  本节习题精选
wangdao-os		一、单项选择题	203	ex	第3章 内存管理 > 3.1  内存管理概念 > 3.1.7  本节习题精选 > 一、单项选择题
wangdao-os		二、综合应用题	210	ex	第3章 内存管理 > 3.1  内存管理概念 > 3.1.7  本节习题精选 > 二、综合应用题
wangdao-os	3.1.8	3.1.8  答案与解析	212	ex	第3章 内存管理 > 3.1  内存管理概念 > 3.1.8  答案与解析
wangdao-os		一、单项选择题	212	ex	第3章 内存管理 > 3.1  内存管理概念 > 3.1.8  答案与解析 > 一、单项选择题
wangdao-os		二、综合应用题	220	ex	第3章 内存管理 > 3.1  内存管理概念 > 3.1.8  答案与解析 > 二、综合应用题
wangdao-os	3.2	3.2  虚拟内存管理	224	kp	第3章 内存管理 > 3.2  虚拟内存管理
wangdao-os	3.2.1	3.2.1  虚拟内存的基本概念	224	kp	第3章 内存管理 > 3.2  虚拟内存管理 > 3.2.1  虚拟内存的基本概念
wangdao-os		1．传统存储管理方式的特征	224	kp	第3章 内存管理 > 3.2  虚拟内存管理 > 3.2.1  虚拟内存的基本概念 > 1．传统存储管理方式的特征
wangdao-os		2．局部性原理	224	kp	第3章 内存管理 > 3.2  虚拟内存管理 > 3.2.1  虚拟内存的基本概念 > 2．局部性原理
wangdao-os		3．虚拟存储器的定义和特征	224	kp	第3章 内存管理 > 3.2  虚拟内存管理 > 3.2.1  虚拟内存的基本概念 > 3．虚拟存储器的定义和特征
wangdao-os		4．虚拟内存技术的实现	225	kp	第3章 内存管理 > 3.2  虚拟内存管理 > 3.2.1  虚拟内存的基本概念 > 4．虚拟内存技术的实现
wangdao-os	3.2.2	3.2.2  请求分页管理方式	225	kp	第3章 内存管理 > 3.2  虚拟内存管理 > 3.2.2  请求分页管理方式
wangdao-os		1．页表机制	225	kp	第3章 内存管理 > 3.2  虚拟内存管理 > 3.2.2  请求分页管理方式 > 1．页表机制
wangdao-os		2．缺页中断机构	226	kp	第3章 内存管理 > 3.2  虚拟内存管理 > 3.2.2  请求分页管理方式 > 2．缺页中断机构
wangdao-os		3．地址变换机构	226	kp	第3章 内存管理 > 3.2  虚拟内存管理 > 3.2.2  请求分页管理方式 > 3．地址变换机构
wangdao-os	3.2.3	3.2.3  页框分配	227	kp	第3章 内存管理 > 3.2  虚拟内存管理 > 3.2.3  页框分配
wangdao-os		1．最小页框数与驻留集	227	kp	第3章 内存管理 > 3.2  虚拟内存管理 > 3.2.3  页框分配 > 1．最小页框数与驻留集
wangdao-os		2．内存分配策略	227	kp	第3章 内存管理 > 3.2  虚拟内存管理 > 3.2.3  页框分配 > 2．内存分配策略
wangdao-os		3．页框调入算法	228	kp	第3章 内存管理 > 3.2  虚拟内存管理 > 3.2.3  页框分配 > 3．页框调入算法
wangdao-os		4．调入页面的时机	228	kp	第3章 内存管理 > 3.2  虚拟内存管理 > 3.2.3  页框分配 > 4．调入页面的时机
wangdao-os		5．从何处调入页面	229	kp	第3章 内存管理 > 3.2  虚拟内存管理 > 3.2.3  页框分配 > 5．从何处调入页面
wangdao-os		6．如何调入页面	229	kp	第3章 内存管理 > 3.2  虚拟内存管理 > 3.2.3  页框分配 > 6．如何调入页面
wangdao-os	3.2.4	3.2.4  页面置换算法	229	kp	第3章 内存管理 > 3.2  虚拟内存管理 > 3.2.4  页面置换算法
wangdao-os		1．最佳（OPT）算法	229	kp	第3章 内存管理 > 3.2  虚拟内存管理 > 3.2.4  页面置换算法 > 1．最佳（OPT）算法
wangdao-os		2．先进先出（FIFO）算法	230	kp	第3章 内存管理 > 3.2  虚拟内存管理 > 3.2.4  页面置换算法 > 2．先进先出（FIFO）算法
wangdao-os		3．最近最久未使用（LRU）算法	230	kp	第3章 内存管理 > 3.2  虚拟内存管理 > 3.2.4  页面置换算法 > 3．最近最久未使用（LRU）算法
wangdao-os		4．时钟（CLOCK）算法	231	kp	第3章 内存管理 > 3.2  虚拟内存管理 > 3.2.4  页面置换算法 > 4．时钟（CLOCK）算法
wangdao-os	3.2.5	*3.2.5  抖动和工作集	232	kp	第3章 内存管理 > 3.2  虚拟内存管理 > *3.2.5  抖动和工作集
wangdao-os		1．抖动	232	kp	第3章 内存管理 > 3.2  虚拟内存管理 > *3.2.5  抖动和工作集 > 1．抖动
wangdao-os		2．工作集	233	kp	第3章 内存管理 > 3.2  虚拟内存管理 > *3.2.5  抖动和工作集 > 2．工作集
wangdao-os	3.2.6	3.2.6  页框回收	233	kp	第3章 内存管理 > 3.2  虚拟内存管理 > 3.2.6  页框回收
wangdao-os		1．页面缓冲算法	233	kp	第3章 内存管理 > 3.2  虚拟内存管理 > 3.2.6  页框回收 > 1．页面缓冲算法
wangdao-os		2．页框回收	234	kp	第3章 内存管理 > 3.2  虚拟内存管理 > 3.2.6  页框回收 > 2．页框回收
wangdao-os	3.2.7	3.2.7  内存映射文件	234	kp	第3章 内存管理 > 3.2  虚拟内存管理 > 3.2.7  内存映射文件
wangdao-os	3.2.8	3.2.8  虚拟存储器性能影响因素	235	kp	第3章 内存管理 > 3.2  虚拟内存管理 > 3.2.8  虚拟存储器性能影响因素
wangdao-os	3.2.9	3.2.9  地址翻译的示例	235	kp	第3章 内存管理 > 3.2  虚拟内存管理 > 3.2.9  地址翻译的示例
wangdao-os	3.2.10	3.2.10  本节小结	237	kp	第3章 内存管理 > 3.2  虚拟内存管理 > 3.2.10  本节小结
wangdao-os	3.2.11	3.2.11  本节习题精选	238	ex	第3章 内存管理 > 3.2  虚拟内存管理 > 3.2.11  本节习题精选
wangdao-os		一、单项选择题	238	ex	第3章 内存管理 > 3.2  虚拟内存管理 > 3.2.11  本节习题精选 > 一、单项选择题
wangdao-os		二、综合应用题	244	ex	第3章 内存管理 > 3.2  虚拟内存管理 > 3.2.11  本节习题精选 > 二、综合应用题
wangdao-os	3.2.12	3.2.12  答案与解析	249	ex	第3章 内存管理 > 3.2  虚拟内存管理 > 3.2.12  答案与解析
wangdao-os		一、单项选择题	249	ex	第3章 内存管理 > 3.2  虚拟内存管理 > 3.2.12  答案与解析 > 一、单项选择题
wangdao-os		二、综合应用题	255	ex	第3章 内存管理 > 3.2  虚拟内存管理 > 3.2.12  答案与解析 > 二、综合应用题
wangdao-os	3.3	3.3  本章疑难点	262	kp	第3章 内存管理 > 3.3  本章疑难点
wangdao-os		第4章 文件管理	263	kp	第4章 文件管理
wangdao-os		【考纲内容】	263	other	第4章 文件管理 > 【考纲内容】
wangdao-os		【复习提示】	263	other	第4章 文件管理 > 【复习提示】
wangdao-os	4.1	4.1  文件系统基础	263	kp	第4章 文件管理 > 4.1  文件系统基础
wangdao-os	4.1.1	4.1.1  文件的基本概念	263	kp	第4章 文件管理 > 4.1  文件系统基础 > 4.1.1  文件的基本概念
wangdao-os		1．文件的定义	264	kp	第4章 文件管理 > 4.1  文件系统基础 > 4.1.1  文件的基本概念 > 1．文件的定义
wangdao-os		2．文件的属性	264	kp	第4章 文件管理 > 4.1  文件系统基础 > 4.1.1  文件的基本概念 > 2．文件的属性
wangdao-os	4.1.2	4.1.2  文件系统结构	265	kp	第4章 文件管理 > 4.1  文件系统基础 > 4.1.2  文件系统结构
wangdao-os	4.1.3	4.1.3  文件的逻辑结构	265	kp	第4章 文件管理 > 4.1  文件系统基础 > 4.1.3  文件的逻辑结构
wangdao-os		1．无结构文件	266	kp	第4章 文件管理 > 4.1  文件系统基础 > 4.1.3  文件的逻辑结构 > 1．无结构文件
wangdao-os		2．有结构文件	266	kp	第4章 文件管理 > 4.1  文件系统基础 > 4.1.3  文件的逻辑结构 > 2．有结构文件
wangdao-os	4.1.4	4.1.4  本节小结	267	kp	第4章 文件管理 > 4.1  文件系统基础 > 4.1.4  本节小结
wangdao-os	4.1.5	4.1.5  本节习题精选	268	ex	第4章 文件管理 > 4.1  文件系统基础 > 4.1.5  本节习题精选
wangdao-os		单项选择题	268	ex	第4章 文件管理 > 4.1  文件系统基础 > 4.1.5  本节习题精选 > 单项选择题
wangdao-os	4.1.6	4.1.6  答案与解析	268	ex	第4章 文件管理 > 4.1  文件系统基础 > 4.1.6  答案与解析
wangdao-os		单项选择题	268	ex	第4章 文件管理 > 4.1  文件系统基础 > 4.1.6  答案与解析 > 单项选择题
wangdao-os	4.2	4.2  目录与文件	269	kp	第4章 文件管理 > 4.2  目录与文件
wangdao-os	4.2.1	4.2.1  目录的基本概念	269	kp	第4章 文件管理 > 4.2  目录与文件 > 4.2.1  目录的基本概念
wangdao-os	4.2.2	4.2.2  文件控制块和索引节点	269	kp	第4章 文件管理 > 4.2  目录与文件 > 4.2.2  文件控制块和索引节点
wangdao-os		1．文件控制块	269	kp	第4章 文件管理 > 4.2  目录与文件 > 4.2.2  文件控制块和索引节点 > 1．文件控制块
wangdao-os		2．索引节点	269	kp	第4章 文件管理 > 4.2  目录与文件 > 4.2.2  文件控制块和索引节点 > 2．索引节点
wangdao-os	4.2.3	4.2.3  目录结构	270	kp	第4章 文件管理 > 4.2  目录与文件 > 4.2.3  目录结构
wangdao-os		*1．单级目录结构	270	kp	第4章 文件管理 > 4.2  目录与文件 > 4.2.3  目录结构 > *1．单级目录结构
wangdao-os		*2．两级目录结构	271	kp	第4章 文件管理 > 4.2  目录与文件 > 4.2.3  目录结构 > *2．两级目录结构
wangdao-os		3．树形目录结构	271	kp	第4章 文件管理 > 4.2  目录与文件 > 4.2.3  目录结构 > 3．树形目录结构
wangdao-os		*4．无环图目录结构	272	kp	第4章 文件管理 > 4.2  目录与文件 > 4.2.3  目录结构 > *4．无环图目录结构
wangdao-os	4.2.4	4.2.4  目录的操作	272	kp	第4章 文件管理 > 4.2  目录与文件 > 4.2.4  目录的操作
wangdao-os	4.2.5	*4.2.5  目录实现	273	kp	第4章 文件管理 > 4.2  目录与文件 > *4.2.5  目录实现
wangdao-os		1．线性列表	273	kp	第4章 文件管理 > 4.2  目录与文件 > *4.2.5  目录实现 > 1．线性列表
wangdao-os		2．哈希表	273	kp	第4章 文件管理 > 4.2  目录与文件 > *4.2.5  目录实现 > 2．哈希表
wangdao-os	4.2.6	4.2.6  文件的物理结构	273	kp	第4章 文件管理 > 4.2  目录与文件 > 4.2.6  文件的物理结构
wangdao-os		1．连续分配	273	kp	第4章 文件管理 > 4.2  目录与文件 > 4.2.6  文件的物理结构 > 1．连续分配
wangdao-os		2．链接分配	274	kp	第4章 文件管理 > 4.2  目录与文件 > 4.2.6  文件的物理结构 > 2．链接分配
wangdao-os		3．索引分配	275	kp	第4章 文件管理 > 4.2  目录与文件 > 4.2.6  文件的物理结构 > 3．索引分配
wangdao-os	4.2.7	4.2.7  文件的操作	278	kp	第4章 文件管理 > 4.2  目录与文件 > 4.2.7  文件的操作
wangdao-os		1．文件的基本操作	278	kp	第4章 文件管理 > 4.2  目录与文件 > 4.2.7  文件的操作 > 1．文件的基本操作
wangdao-os		2．文件的打开与关闭	278	kp	第4章 文件管理 > 4.2  目录与文件 > 4.2.7  文件的操作 > 2．文件的打开与关闭
wangdao-os	4.2.8	4.2.8  文件共享	280	kp	第4章 文件管理 > 4.2  目录与文件 > 4.2.8  文件共享
wangdao-os		1．基于索引节点的共享方式（硬链接）	280	kp	第4章 文件管理 > 4.2  目录与文件 > 4.2.8  文件共享 > 1．基于索引节点的共享方式（硬链接）
wangdao-os		2．利用符号链实现文件共享（软链接）	281	kp	第4章 文件管理 > 4.2  目录与文件 > 4.2.8  文件共享 > 2．利用符号链实现文件共享（软链接）
wangdao-os	4.2.9	4.2.9  文件保护	281	kp	第4章 文件管理 > 4.2  目录与文件 > 4.2.9  文件保护
wangdao-os		1．访问类型	282	kp	第4章 文件管理 > 4.2  目录与文件 > 4.2.9  文件保护 > 1．访问类型
wangdao-os		2．访问控制	282	kp	第4章 文件管理 > 4.2  目录与文件 > 4.2.9  文件保护 > 2．访问控制
wangdao-os	4.2.10	4.2.10  本节小结	283	kp	第4章 文件管理 > 4.2  目录与文件 > 4.2.10  本节小结
wangdao-os	4.2.11	4.2.11  本节习题精选	283	ex	第4章 文件管理 > 4.2  目录与文件 > 4.2.11  本节习题精选
wangdao-os		一、单项选择题	283	ex	第4章 文件管理 > 4.2  目录与文件 > 4.2.11  本节习题精选 > 一、单项选择题
wangdao-os		二、综合应用题	289	ex	第4章 文件管理 > 4.2  目录与文件 > 4.2.11  本节习题精选 > 二、综合应用题
wangdao-os	4.2.12	4.2.12  答案与解析	294	ex	第4章 文件管理 > 4.2  目录与文件 > 4.2.12  答案与解析
wangdao-os		一、单项选择题	294	ex	第4章 文件管理 > 4.2  目录与文件 > 4.2.12  答案与解析 > 一、单项选择题
wangdao-os		二、综合应用题	301	ex	第4章 文件管理 > 4.2  目录与文件 > 4.2.12  答案与解析 > 二、综合应用题
wangdao-os	4.3	4.3  文件系统	306	kp	第4章 文件管理 > 4.3  文件系统
wangdao-os	4.3.1	4.3.1  文件系统布局	306	kp	第4章 文件管理 > 4.3  文件系统 > 4.3.1  文件系统布局
wangdao-os		1．文件系统在磁盘中的结构	306	kp	第4章 文件管理 > 4.3  文件系统 > 4.3.1  文件系统布局 > 1．文件系统在磁盘中的结构
wangdao-os		2．文件系统在内存中的结构	307	kp	第4章 文件管理 > 4.3  文件系统 > 4.3.1  文件系统布局 > 2．文件系统在内存中的结构
wangdao-os	4.3.2	4.3.2  文件存储空间管理	307	kp	第4章 文件管理 > 4.3  文件系统 > 4.3.2  文件存储空间管理
wangdao-os		1．空闲表法	307	kp	第4章 文件管理 > 4.3  文件系统 > 4.3.2  文件存储空间管理 > 1．空闲表法
wangdao-os		2．空闲链表法	307	kp	第4章 文件管理 > 4.3  文件系统 > 4.3.2  文件存储空间管理 > 2．空闲链表法
wangdao-os		3．位示图法	308	kp	第4章 文件管理 > 4.3  文件系统 > 4.3.2  文件存储空间管理 > 3．位示图法
wangdao-os		4．成组链接法	309	kp	第4章 文件管理 > 4.3  文件系统 > 4.3.2  文件存储空间管理 > 4．成组链接法
wangdao-os	4.3.3	4.3.3  虚拟文件系统	310	kp	第4章 文件管理 > 4.3  文件系统 > 4.3.3  虚拟文件系统
wangdao-os	4.3.4	4.3.4  文件系统挂载	311	kp	第4章 文件管理 > 4.3  文件系统 > 4.3.4  文件系统挂载
wangdao-os	4.3.5	4.3.5  本节小结	312	kp	第4章 文件管理 > 4.3  文件系统 > 4.3.5  本节小结
wangdao-os	4.3.6	4.3.6  本节习题精选	312	ex	第4章 文件管理 > 4.3  文件系统 > 4.3.6  本节习题精选
wangdao-os		一、单项选择题	312	ex	第4章 文件管理 > 4.3  文件系统 > 4.3.6  本节习题精选 > 一、单项选择题
wangdao-os		二、综合应用题	313	ex	第4章 文件管理 > 4.3  文件系统 > 4.3.6  本节习题精选 > 二、综合应用题
wangdao-os	4.3.7	4.3.7  答案与解析	314	ex	第4章 文件管理 > 4.3  文件系统 > 4.3.7  答案与解析
wangdao-os		一、单项选择题	314	ex	第4章 文件管理 > 4.3  文件系统 > 4.3.7  答案与解析 > 一、单项选择题
wangdao-os		二、综合应用题	316	ex	第4章 文件管理 > 4.3  文件系统 > 4.3.7  答案与解析 > 二、综合应用题
wangdao-os	4.4	4.4  本章疑难点	316	kp	第4章 文件管理 > 4.4  本章疑难点
wangdao-os		1．文件的物理分配方式的比较	316	kp	第4章 文件管理 > 4.4  本章疑难点 > 1．文件的物理分配方式的比较
wangdao-os		2．文件打开的过程描述	316	kp	第4章 文件管理 > 4.4  本章疑难点 > 2．文件打开的过程描述
wangdao-os		第5章 输入/输出管理	317	kp	第5章 输入/输出管理
wangdao-os		【考纲内容】	317	other	第5章 输入/输出管理 > 【考纲内容】
wangdao-os		【复习提示】	317	other	第5章 输入/输出管理 > 【复习提示】
wangdao-os	5.1	5.1  I/O管理概述	317	kp	第5章 输入/输出管理 > 5.1  I/O管理概述
wangdao-os	5.1.1	5.1.1  I/O设备	317	kp	第5章 输入/输出管理 > 5.1  I/O管理概述 > 5.1.1  I/O设备
wangdao-os		1．设备的分类	317	kp	第5章 输入/输出管理 > 5.1  I/O管理概述 > 5.1.1  I/O设备 > 1．设备的分类
wangdao-os		2．I/O接口	318	kp	第5章 输入/输出管理 > 5.1  I/O管理概述 > 5.1.1  I/O设备 > 2．I/O接口
wangdao-os		3．I/O接口的类型	319	kp	第5章 输入/输出管理 > 5.1  I/O管理概述 > 5.1.1  I/O设备 > 3．I/O接口的类型
wangdao-os		4．I/O端口	319	kp	第5章 输入/输出管理 > 5.1  I/O管理概述 > 5.1.1  I/O设备 > 4．I/O端口
wangdao-os	5.1.2	5.1.2  I/O控制方式	320	kp	第5章 输入/输出管理 > 5.1  I/O管理概述 > 5.1.2  I/O控制方式
wangdao-os		1．程序直接控制方式	320	kp	第5章 输入/输出管理 > 5.1  I/O管理概述 > 5.1.2  I/O控制方式 > 1．程序直接控制方式
wangdao-os		2．中断驱动方式	320	kp	第5章 输入/输出管理 > 5.1  I/O管理概述 > 5.1.2  I/O控制方式 > 2．中断驱动方式
wangdao-os		3．DMA方式	321	kp	第5章 输入/输出管理 > 5.1  I/O管理概述 > 5.1.2  I/O控制方式 > 3．DMA方式
wangdao-os		*4．通道控制方式	322	kp	第5章 输入/输出管理 > 5.1  I/O管理概述 > 5.1.2  I/O控制方式 > *4．通道控制方式
wangdao-os	5.1.3	5.1.3  I/O软件层次结构	322	kp	第5章 输入/输出管理 > 5.1  I/O管理概述 > 5.1.3  I/O软件层次结构
wangdao-os		1．用户层软件	323	kp	第5章 输入/输出管理 > 5.1  I/O管理概述 > 5.1.3  I/O软件层次结构 > 1．用户层软件
wangdao-os		2．设备独立性软件	323	kp	第5章 输入/输出管理 > 5.1  I/O管理概述 > 5.1.3  I/O软件层次结构 > 2．设备独立性软件
wangdao-os		3．设备驱动程序	323	kp	第5章 输入/输出管理 > 5.1  I/O管理概述 > 5.1.3  I/O软件层次结构 > 3．设备驱动程序
wangdao-os		4．中断处理程序	323	kp	第5章 输入/输出管理 > 5.1  I/O管理概述 > 5.1.3  I/O软件层次结构 > 4．中断处理程序
wangdao-os		5．I/O操作举例	324	kp	第5章 输入/输出管理 > 5.1  I/O管理概述 > 5.1.3  I/O软件层次结构 > 5．I/O操作举例
wangdao-os	5.1.4	5.1.4  应用程序I/O接口	325	kp	第5章 输入/输出管理 > 5.1  I/O管理概述 > 5.1.4  应用程序I/O接口
wangdao-os		1．I/O接口的分类	325	kp	第5章 输入/输出管理 > 5.1  I/O管理概述 > 5.1.4  应用程序I/O接口 > 1．I/O接口的分类
wangdao-os		2．阻塞I/O和非阻塞I/O	326	kp	第5章 输入/输出管理 > 5.1  I/O管理概述 > 5.1.4  应用程序I/O接口 > 2．阻塞I/O和非阻塞I/O
wangdao-os	5.1.5	5.1.5  本节小结	326	kp	第5章 输入/输出管理 > 5.1  I/O管理概述 > 5.1.5  本节小结
wangdao-os	5.1.6	5.1.6  本节习题精选	326	ex	第5章 输入/输出管理 > 5.1  I/O管理概述 > 5.1.6  本节习题精选
wangdao-os		一、单项选择题	326	ex	第5章 输入/输出管理 > 5.1  I/O管理概述 > 5.1.6  本节习题精选 > 一、单项选择题
wangdao-os		二、综合应用题	329	ex	第5章 输入/输出管理 > 5.1  I/O管理概述 > 5.1.6  本节习题精选 > 二、综合应用题
wangdao-os	5.1.7	5.1.7  答案与解析	329	ex	第5章 输入/输出管理 > 5.1  I/O管理概述 > 5.1.7  答案与解析
wangdao-os		一、单项选择题	329	ex	第5章 输入/输出管理 > 5.1  I/O管理概述 > 5.1.7  答案与解析 > 一、单项选择题
wangdao-os		二、综合应用题	331	ex	第5章 输入/输出管理 > 5.1  I/O管理概述 > 5.1.7  答案与解析 > 二、综合应用题
wangdao-os	5.2	5.2  设备独立性软件	332	kp	第5章 输入/输出管理 > 5.2  设备独立性软件
wangdao-os	5.2.1	5.2.1  设备独立性软件	332	kp	第5章 输入/输出管理 > 5.2  设备独立性软件 > 5.2.1  设备独立性软件
wangdao-os	5.2.2	5.2.2  高速缓存与缓冲区	332	kp	第5章 输入/输出管理 > 5.2  设备独立性软件 > 5.2.2  高速缓存与缓冲区
wangdao-os		1．磁盘高速缓存（Disk Cache）	332	kp	第5章 输入/输出管理 > 5.2  设备独立性软件 > 5.2.2  高速缓存与缓冲区 > 1．磁盘高速缓存（Disk Cache）
wangdao-os		2．缓冲区（Buffer）	333	kp	第5章 输入/输出管理 > 5.2  设备独立性软件 > 5.2.2  高速缓存与缓冲区 > 2．缓冲区（Buffer）
wangdao-os		3．高速缓存与缓冲区的对比	335	kp	第5章 输入/输出管理 > 5.2  设备独立性软件 > 5.2.2  高速缓存与缓冲区 > 3．高速缓存与缓冲区的对比
wangdao-os	5.2.3	5.2.3  设备分配与回收	336	kp	第5章 输入/输出管理 > 5.2  设备独立性软件 > 5.2.3  设备分配与回收
wangdao-os		1．设备分配概述	336	kp	第5章 输入/输出管理 > 5.2  设备独立性软件 > 5.2.3  设备分配与回收 > 1．设备分配概述
wangdao-os		2．设备分配的数据结构	336	kp	第5章 输入/输出管理 > 5.2  设备独立性软件 > 5.2.3  设备分配与回收 > 2．设备分配的数据结构
wangdao-os		3．设备分配时应考虑的因素	337	kp	第5章 输入/输出管理 > 5.2  设备独立性软件 > 5.2.3  设备分配与回收 > 3．设备分配时应考虑的因素
wangdao-os		4．设备分配的步骤	337	kp	第5章 输入/输出管理 > 5.2  设备独立性软件 > 5.2.3  设备分配与回收 > 4．设备分配的步骤
wangdao-os		5．逻辑设备名到物理设备名的映射	337	kp	第5章 输入/输出管理 > 5.2  设备独立性软件 > 5.2.3  设备分配与回收 > 5．逻辑设备名到物理设备名的映射
wangdao-os	5.2.4	5.2.4  SPOOLing技术（假脱机技术）	338	kp	第5章 输入/输出管理 > 5.2  设备独立性软件 > 5.2.4  SPOOLing技术（假脱机技术）
wangdao-os	5.2.5	5.2.5  设备驱动程序接口	339	kp	第5章 输入/输出管理 > 5.2  设备独立性软件 > 5.2.5  设备驱动程序接口
wangdao-os	5.2.6	5.2.6  I/O操作举例	340	kp	第5章 输入/输出管理 > 5.2  设备独立性软件 > 5.2.6  I/O操作举例
wangdao-os	5.2.7	5.2.7  本节小结	341	kp	第5章 输入/输出管理 > 5.2  设备独立性软件 > 5.2.7  本节小结
wangdao-os	5.2.8	5.2.8  本节习题精选	341	ex	第5章 输入/输出管理 > 5.2  设备独立性软件 > 5.2.8  本节习题精选
wangdao-os		一、单项选择题	341	ex	第5章 输入/输出管理 > 5.2  设备独立性软件 > 5.2.8  本节习题精选 > 一、单项选择题
wangdao-os		二、综合应用题	345	ex	第5章 输入/输出管理 > 5.2  设备独立性软件 > 5.2.8  本节习题精选 > 二、综合应用题
wangdao-os	5.2.9	5.2.9  答案与解析	346	ex	第5章 输入/输出管理 > 5.2  设备独立性软件 > 5.2.9  答案与解析
wangdao-os		一、单项选择题	346	ex	第5章 输入/输出管理 > 5.2  设备独立性软件 > 5.2.9  答案与解析 > 一、单项选择题
wangdao-os		二、综合应用题	351	ex	第5章 输入/输出管理 > 5.2  设备独立性软件 > 5.2.9  答案与解析 > 二、综合应用题
wangdao-os	5.3	5.3  磁盘和固态硬盘	352	kp	第5章 输入/输出管理 > 5.3  磁盘和固态硬盘
wangdao-os	5.3.1	5.3.1  磁盘	352	kp	第5章 输入/输出管理 > 5.3  磁盘和固态硬盘 > 5.3.1  磁盘
wangdao-os	5.3.2	5.3.2  磁盘的管理	353	kp	第5章 输入/输出管理 > 5.3  磁盘和固态硬盘 > 5.3.2  磁盘的管理
wangdao-os		1．磁盘初始化	353	kp	第5章 输入/输出管理 > 5.3  磁盘和固态硬盘 > 5.3.2  磁盘的管理 > 1．磁盘初始化
wangdao-os		2．分区	353	kp	第5章 输入/输出管理 > 5.3  磁盘和固态硬盘 > 5.3.2  磁盘的管理 > 2．分区
wangdao-os		3．引导块	354	kp	第5章 输入/输出管理 > 5.3  磁盘和固态硬盘 > 5.3.2  磁盘的管理 > 3．引导块
wangdao-os		4．坏块	354	kp	第5章 输入/输出管理 > 5.3  磁盘和固态硬盘 > 5.3.2  磁盘的管理 > 4．坏块
wangdao-os	5.3.3	5.3.3  磁盘调度算法	354	kp	第5章 输入/输出管理 > 5.3  磁盘和固态硬盘 > 5.3.3  磁盘调度算法
wangdao-os		1．磁盘的存取时间	354	kp	第5章 输入/输出管理 > 5.3  磁盘和固态硬盘 > 5.3.3  磁盘调度算法 > 1．磁盘的存取时间
wangdao-os		2．磁盘调度算法	355	kp	第5章 输入/输出管理 > 5.3  磁盘和固态硬盘 > 5.3.3  磁盘调度算法 > 2．磁盘调度算法
wangdao-os		3．减少延迟时间的方法	357	kp	第5章 输入/输出管理 > 5.3  磁盘和固态硬盘 > 5.3.3  磁盘调度算法 > 3．减少延迟时间的方法
wangdao-os		4．提高磁盘I/O速度的方法	358	kp	第5章 输入/输出管理 > 5.3  磁盘和固态硬盘 > 5.3.3  磁盘调度算法 > 4．提高磁盘I/O速度的方法
wangdao-os	5.3.4	5.3.4  固态硬盘	358	kp	第5章 输入/输出管理 > 5.3  磁盘和固态硬盘 > 5.3.4  固态硬盘
wangdao-os		1．固态硬盘的特性	358	kp	第5章 输入/输出管理 > 5.3  磁盘和固态硬盘 > 5.3.4  固态硬盘 > 1．固态硬盘的特性
wangdao-os		2．磨损均衡（Wear Leveling）	359	kp	第5章 输入/输出管理 > 5.3  磁盘和固态硬盘 > 5.3.4  固态硬盘 > 2．磨损均衡（Wear Leveling）
wangdao-os	5.3.5	5.3.5  本节小结	359	kp	第5章 输入/输出管理 > 5.3  磁盘和固态硬盘 > 5.3.5  本节小结
wangdao-os	5.3.6	5.3.6  本节习题精选	360	ex	第5章 输入/输出管理 > 5.3  磁盘和固态硬盘 > 5.3.6  本节习题精选
wangdao-os		一、单项选择题	360	ex	第5章 输入/输出管理 > 5.3  磁盘和固态硬盘 > 5.3.6  本节习题精选 > 一、单项选择题
wangdao-os		二、综合应用题	363	ex	第5章 输入/输出管理 > 5.3  磁盘和固态硬盘 > 5.3.6  本节习题精选 > 二、综合应用题
wangdao-os	5.3.7	5.3.7  答案与解析	364	ex	第5章 输入/输出管理 > 5.3  磁盘和固态硬盘 > 5.3.7  答案与解析
wangdao-os		一、单项选择题	364	ex	第5章 输入/输出管理 > 5.3  磁盘和固态硬盘 > 5.3.7  答案与解析 > 一、单项选择题
wangdao-os		二、综合应用题	368	ex	第5章 输入/输出管理 > 5.3  磁盘和固态硬盘 > 5.3.7  答案与解析 > 二、综合应用题
wangdao-os	5.4	5.4  本章疑难点	371	kp	第5章 输入/输出管理 > 5.4  本章疑难点
wangdao-os		1．如何改进设备分配策略，以提高其灵活性和成功率？	371	kp	第5章 输入/输出管理 > 5.4  本章疑难点 > 1．如何改进设备分配策略，以提高其灵活性和成功率？
wangdao-os		2．用户缓冲区与内核缓冲区的定义及作用分别是什么？	371	kp	第5章 输入/输出管理 > 5.4  本章疑难点 > 2．用户缓冲区与内核缓冲区的定义及作用分别是什么？
wangdao-os		参 考 文 献	372	other	参 考 文 献
wangdao-cn		前   言	4	other	前   言
wangdao-cn		致  读  者	5	other	致  读  者
wangdao-cn		王道训练营	6	sum	王道训练营
wangdao-cn		王道训练营简介	6	sum	王道训练营 > 王道训练营简介
wangdao-cn		1．面向就业	6	sum	王道训练营 > 王道训练营简介 > 1．面向就业
wangdao-cn		2．面向硕士	6	sum	王道训练营 > 王道训练营简介 > 2．面向硕士
wangdao-cn		3．报名要求	6	sum	王道训练营 > 王道训练营简介 > 3．报名要求
wangdao-cn		4．学习成效	7	sum	王道训练营 > 王道训练营简介 > 4．学习成效
wangdao-cn		王道训练营优势	7	sum	王道训练营 > 王道训练营优势
wangdao-cn		王道训练营课程	7	sum	王道训练营 > 王道训练营课程
wangdao-cn		目   录	8	other	目   录
wangdao-cn		第1章 计算机网络体系结构	13	kp	第1章 计算机网络体系结构
wangdao-cn		【考纲内容】	13	other	第1章 计算机网络体系结构 > 【考纲内容】
wangdao-cn		【复习提示】	13	other	第1章 计算机网络体系结构 > 【复习提示】
wangdao-cn	1.1	1.1  计算机网络概述	13	kp	第1章 计算机网络体系结构 > 1.1  计算机网络概述
wangdao-cn	1.1.1	1.1.1  计算机网络的概念	13	kp	第1章 计算机网络体系结构 > 1.1  计算机网络概述 > 1.1.1  计算机网络的概念
wangdao-cn	1.1.2	1.1.2  计算机网络的组成	14	kp	第1章 计算机网络体系结构 > 1.1  计算机网络概述 > 1.1.2  计算机网络的组成
wangdao-cn	1.1.3	1.1.3  计算机网络的功能	14	kp	第1章 计算机网络体系结构 > 1.1  计算机网络概述 > 1.1.3  计算机网络的功能
wangdao-cn		1．数据通信	14	kp	第1章 计算机网络体系结构 > 1.1  计算机网络概述 > 1.1.3  计算机网络的功能 > 1．数据通信
wangdao-cn		2．资源共享	14	kp	第1章 计算机网络体系结构 > 1.1  计算机网络概述 > 1.1.3  计算机网络的功能 > 2．资源共享
wangdao-cn		3．分布式处理	14	kp	第1章 计算机网络体系结构 > 1.1  计算机网络概述 > 1.1.3  计算机网络的功能 > 3．分布式处理
wangdao-cn		4．提高可靠性	14	kp	第1章 计算机网络体系结构 > 1.1  计算机网络概述 > 1.1.3  计算机网络的功能 > 4．提高可靠性
wangdao-cn		5．负载均衡	15	kp	第1章 计算机网络体系结构 > 1.1  计算机网络概述 > 1.1.3  计算机网络的功能 > 5．负载均衡
wangdao-cn	1.1.4	1.1.4  电路交换、报文交换与分组交换	15	kp	第1章 计算机网络体系结构 > 1.1  计算机网络概述 > 1.1.4  电路交换、报文交换与分组交换
wangdao-cn		1．电路交换	15	kp	第1章 计算机网络体系结构 > 1.1  计算机网络概述 > 1.1.4  电路交换、报文交换与分组交换 > 1．电路交换
wangdao-cn		2．报文交换	15	kp	第1章 计算机网络体系结构 > 1.1  计算机网络概述 > 1.1.4  电路交换、报文交换与分组交换 > 2．报文交换
wangdao-cn		3．分组交换	16	kp	第1章 计算机网络体系结构 > 1.1  计算机网络概述 > 1.1.4  电路交换、报文交换与分组交换 > 3．分组交换
wangdao-cn	1.1.5	1.1.5  计算机网络的分类	17	kp	第1章 计算机网络体系结构 > 1.1  计算机网络概述 > 1.1.5  计算机网络的分类
wangdao-cn		1．按分布范围分类	17	kp	第1章 计算机网络体系结构 > 1.1  计算机网络概述 > 1.1.5  计算机网络的分类 > 1．按分布范围分类
wangdao-cn		2．按传输技术分类	18	kp	第1章 计算机网络体系结构 > 1.1  计算机网络概述 > 1.1.5  计算机网络的分类 > 2．按传输技术分类
wangdao-cn		3．按拓扑结构分类	18	kp	第1章 计算机网络体系结构 > 1.1  计算机网络概述 > 1.1.5  计算机网络的分类 > 3．按拓扑结构分类
wangdao-cn		4．按使用者分类	18	kp	第1章 计算机网络体系结构 > 1.1  计算机网络概述 > 1.1.5  计算机网络的分类 > 4．按使用者分类
wangdao-cn		5．按传输介质分类	18	kp	第1章 计算机网络体系结构 > 1.1  计算机网络概述 > 1.1.5  计算机网络的分类 > 5．按传输介质分类
wangdao-cn	1.1.6	1.1.6  计算机网络的性能指标	19	kp	第1章 计算机网络体系结构 > 1.1  计算机网络概述 > 1.1.6  计算机网络的性能指标
wangdao-cn	1.1.7	1.1.7  本节习题精选	21	ex	第1章 计算机网络体系结构 > 1.1  计算机网络概述 > 1.1.7  本节习题精选
wangdao-cn		一、单项选择题	21	ex	第1章 计算机网络体系结构 > 1.1  计算机网络概述 > 1.1.7  本节习题精选 > 一、单项选择题
wangdao-cn		二、综合应用题	23	ex	第1章 计算机网络体系结构 > 1.1  计算机网络概述 > 1.1.7  本节习题精选 > 二、综合应用题
wangdao-cn	1.1.8	1.1.8  答案与解析	24	ex	第1章 计算机网络体系结构 > 1.1  计算机网络概述 > 1.1.8  答案与解析
wangdao-cn		一、单项选择题	24	ex	第1章 计算机网络体系结构 > 1.1  计算机网络概述 > 1.1.8  答案与解析 > 一、单项选择题
wangdao-cn		二、综合应用题	26	ex	第1章 计算机网络体系结构 > 1.1  计算机网络概述 > 1.1.8  答案与解析 > 二、综合应用题
wangdao-cn	1.2	1.2  计算机网络体系结构与参考模型	27	kp	第1章 计算机网络体系结构 > 1.2  计算机网络体系结构与参考模型
wangdao-cn	1.2.1	1.2.1  计算机网络分层结构	27	kp	第1章 计算机网络体系结构 > 1.2  计算机网络体系结构与参考模型 > 1.2.1  计算机网络分层结构
wangdao-cn	1.2.2	1.2.2  计算机网络协议、服务、接口的概念	28	kp	第1章 计算机网络体系结构 > 1.2  计算机网络体系结构与参考模型 > 1.2.2  计算机网络协议、服务、接口的概念
wangdao-cn		1．协议	28	kp	第1章 计算机网络体系结构 > 1.2  计算机网络体系结构与参考模型 > 1.2.2  计算机网络协议、服务、接口的概念 > 1．协议
wangdao-cn		2．接口	28	kp	第1章 计算机网络体系结构 > 1.2  计算机网络体系结构与参考模型 > 1.2.2  计算机网络协议、服务、接口的概念 > 2．接口
wangdao-cn		3．服务	29	kp	第1章 计算机网络体系结构 > 1.2  计算机网络体系结构与参考模型 > 1.2.2  计算机网络协议、服务、接口的概念 > 3．服务
wangdao-cn	1.2.3	1.2.3  OSI参考模型和TCP/IP模型	29	kp	第1章 计算机网络体系结构 > 1.2  计算机网络体系结构与参考模型 > 1.2.3  OSI参考模型和TCP/IP模型
wangdao-cn		1．OSI参考模型	29	kp	第1章 计算机网络体系结构 > 1.2  计算机网络体系结构与参考模型 > 1.2.3  OSI参考模型和TCP/IP模型 > 1．OSI参考模型
wangdao-cn		2．TCP/IP模型	32	kp	第1章 计算机网络体系结构 > 1.2  计算机网络体系结构与参考模型 > 1.2.3  OSI参考模型和TCP/IP模型 > 2．TCP/IP模型
wangdao-cn		3．TCP/IP模型与OSI参考模型的比较	33	kp	第1章 计算机网络体系结构 > 1.2  计算机网络体系结构与参考模型 > 1.2.3  OSI参考模型和TCP/IP模型 > 3．TCP/IP模型与OSI参考模型的比较
wangdao-cn	1.2.4	1.2.4  本节习题精选	34	ex	第1章 计算机网络体系结构 > 1.2  计算机网络体系结构与参考模型 > 1.2.4  本节习题精选
wangdao-cn		单项选择题	34	ex	第1章 计算机网络体系结构 > 1.2  计算机网络体系结构与参考模型 > 1.2.4  本节习题精选 > 单项选择题
wangdao-cn	1.2.5	1.2.5  答案与解析	37	ex	第1章 计算机网络体系结构 > 1.2  计算机网络体系结构与参考模型 > 1.2.5  答案与解析
wangdao-cn		单项选择题	37	ex	第1章 计算机网络体系结构 > 1.2  计算机网络体系结构与参考模型 > 1.2.5  答案与解析 > 单项选择题
wangdao-cn	1.3	1.3  本章小结及疑难点	40	sum	第1章 计算机网络体系结构 > 1.3  本章小结及疑难点
wangdao-cn		第2章 物理层	42	kp	第2章 物理层
wangdao-cn		【考纲内容】	42	other	第2章 物理层 > 【考纲内容】
wangdao-cn		【复习提示】	42	other	第2章 物理层 > 【复习提示】
wangdao-cn	2.1	2.1  通信基础	42	kp	第2章 物理层 > 2.1  通信基础
wangdao-cn	2.1.1	2.1.1  基本概念	42	kp	第2章 物理层 > 2.1  通信基础 > 2.1.1  基本概念
wangdao-cn		1．数据、信号与码元	42	kp	第2章 物理层 > 2.1  通信基础 > 2.1.1  基本概念 > 1．数据、信号与码元
wangdao-cn		2．信源、信道与信宿	42	kp	第2章 物理层 > 2.1  通信基础 > 2.1.1  基本概念 > 2．信源、信道与信宿
wangdao-cn		3．速率、波特与带宽	43	kp	第2章 物理层 > 2.1  通信基础 > 2.1.1  基本概念 > 3．速率、波特与带宽
wangdao-cn	2.1.2	2.1.2  信道的极限容量	43	kp	第2章 物理层 > 2.1  通信基础 > 2.1.2  信道的极限容量
wangdao-cn		1．奈奎斯特定理（奈氏准则）	44	kp	第2章 物理层 > 2.1  通信基础 > 2.1.2  信道的极限容量 > 1．奈奎斯特定理（奈氏准则）
wangdao-cn		2．香农定理	44	kp	第2章 物理层 > 2.1  通信基础 > 2.1.2  信道的极限容量 > 2．香农定理
wangdao-cn	2.1.3	2.1.3  编码与调制	45	kp	第2章 物理层 > 2.1  通信基础 > 2.1.3  编码与调制
wangdao-cn		1．数字数据编码为数字信号	45	kp	第2章 物理层 > 2.1  通信基础 > 2.1.3  编码与调制 > 1．数字数据编码为数字信号
wangdao-cn		2．模拟数据编码为数字信号	46	kp	第2章 物理层 > 2.1  通信基础 > 2.1.3  编码与调制 > 2．模拟数据编码为数字信号
wangdao-cn		3．数字数据调制为模拟信号	46	kp	第2章 物理层 > 2.1  通信基础 > 2.1.3  编码与调制 > 3．数字数据调制为模拟信号
wangdao-cn		4．模拟数据直接传输为模拟信号	47	kp	第2章 物理层 > 2.1  通信基础 > 2.1.3  编码与调制 > 4．模拟数据直接传输为模拟信号
wangdao-cn	2.1.4	2.1.4  本节习题精选	47	ex	第2章 物理层 > 2.1  通信基础 > 2.1.4  本节习题精选
wangdao-cn		一、单项选择题	47	ex	第2章 物理层 > 2.1  通信基础 > 2.1.4  本节习题精选 > 一、单项选择题
wangdao-cn		二、综合应用题	50	ex	第2章 物理层 > 2.1  通信基础 > 2.1.4  本节习题精选 > 二、综合应用题
wangdao-cn	2.1.5	2.1.5  答案与解析	50	ex	第2章 物理层 > 2.1  通信基础 > 2.1.5  答案与解析
wangdao-cn		一、单项选择题	50	ex	第2章 物理层 > 2.1  通信基础 > 2.1.5  答案与解析 > 一、单项选择题
wangdao-cn		二、综合应用题	53	ex	第2章 物理层 > 2.1  通信基础 > 2.1.5  答案与解析 > 二、综合应用题
wangdao-cn	2.2	2.2  传输介质	54	kp	第2章 物理层 > 2.2  传输介质
wangdao-cn	2.2.1	2.2.1  双绞线、同轴电缆、光纤与无线传输介质	54	kp	第2章 物理层 > 2.2  传输介质 > 2.2.1  双绞线、同轴电缆、光纤与无线传输介质
wangdao-cn		1．双绞线	54	kp	第2章 物理层 > 2.2  传输介质 > 2.2.1  双绞线、同轴电缆、光纤与无线传输介质 > 1．双绞线
wangdao-cn		2．同轴电缆	54	kp	第2章 物理层 > 2.2  传输介质 > 2.2.1  双绞线、同轴电缆、光纤与无线传输介质 > 2．同轴电缆
wangdao-cn		3．光纤	54	kp	第2章 物理层 > 2.2  传输介质 > 2.2.1  双绞线、同轴电缆、光纤与无线传输介质 > 3．光纤
wangdao-cn		4．无线传输介质	55	kp	第2章 物理层 > 2.2  传输介质 > 2.2.1  双绞线、同轴电缆、光纤与无线传输介质 > 4．无线传输介质
wangdao-cn	2.2.2	2.2.2  物理层接口的特性	56	kp	第2章 物理层 > 2.2  传输介质 > 2.2.2  物理层接口的特性
wangdao-cn	2.2.3	2.2.3  本节习题精选	56	ex	第2章 物理层 > 2.2  传输介质 > 2.2.3  本节习题精选
wangdao-cn		单项选择题	56	ex	第2章 物理层 > 2.2  传输介质 > 2.2.3  本节习题精选 > 单项选择题
wangdao-cn	2.2.4	2.2.4  答案与解析	57	ex	第2章 物理层 > 2.2  传输介质 > 2.2.4  答案与解析
wangdao-cn		单项选择题	57	ex	第2章 物理层 > 2.2  传输介质 > 2.2.4  答案与解析 > 单项选择题
wangdao-cn	2.3	2.3  物理层设备	58	kp	第2章 物理层 > 2.3  物理层设备
wangdao-cn	2.3.1	2.3.1  中继器	58	kp	第2章 物理层 > 2.3  物理层设备 > 2.3.1  中继器
wangdao-cn	2.3.2	2.3.2  集线器	58	kp	第2章 物理层 > 2.3  物理层设备 > 2.3.2  集线器
wangdao-cn	2.3.3	2.3.3  本节习题精选	59	ex	第2章 物理层 > 2.3  物理层设备 > 2.3.3  本节习题精选
wangdao-cn		单项选择题	59	ex	第2章 物理层 > 2.3  物理层设备 > 2.3.3  本节习题精选 > 单项选择题
wangdao-cn	2.3.4	2.3.4  答案与解析	60	ex	第2章 物理层 > 2.3  物理层设备 > 2.3.4  答案与解析
wangdao-cn		单项选择题	60	ex	第2章 物理层 > 2.3  物理层设备 > 2.3.4  答案与解析 > 单项选择题
wangdao-cn	2.4	2.4  本章小结及疑难点	60	sum	第2章 物理层 > 2.4  本章小结及疑难点
wangdao-cn		第3章 数据链路层	62	kp	第3章 数据链路层
wangdao-cn		【考纲内容】	62	other	第3章 数据链路层 > 【考纲内容】
wangdao-cn		【复习提示】	62	other	第3章 数据链路层 > 【复习提示】
wangdao-cn	3.1	3.1  数据链路层的功能	62	kp	第3章 数据链路层 > 3.1  数据链路层的功能
wangdao-cn	3.1.1	3.1.1  数据链路层所处的地位	63	kp	第3章 数据链路层 > 3.1  数据链路层的功能 > 3.1.1  数据链路层所处的地位
wangdao-cn	3.1.2	3.1.2  链路管理	63	kp	第3章 数据链路层 > 3.1  数据链路层的功能 > 3.1.2  链路管理
wangdao-cn	3.1.3	3.1.3  封装成帧与透明传输	64	kp	第3章 数据链路层 > 3.1  数据链路层的功能 > 3.1.3  封装成帧与透明传输
wangdao-cn	3.1.4	3.1.4  流量控制	64	kp	第3章 数据链路层 > 3.1  数据链路层的功能 > 3.1.4  流量控制
wangdao-cn	3.1.5	3.1.5  差错检测与可靠传输	64	kp	第3章 数据链路层 > 3.1  数据链路层的功能 > 3.1.5  差错检测与可靠传输
wangdao-cn	3.1.6	3.1.6  本节习题精选	64	ex	第3章 数据链路层 > 3.1  数据链路层的功能 > 3.1.6  本节习题精选
wangdao-cn		单项选择题	64	ex	第3章 数据链路层 > 3.1  数据链路层的功能 > 3.1.6  本节习题精选 > 单项选择题
wangdao-cn	3.1.7	3.1.7  答案与解析	65	ex	第3章 数据链路层 > 3.1  数据链路层的功能 > 3.1.7  答案与解析
wangdao-cn		单项选择题	65	ex	第3章 数据链路层 > 3.1  数据链路层的功能 > 3.1.7  答案与解析 > 单项选择题
wangdao-cn	3.2	3.2  组帧	66	kp	第3章 数据链路层 > 3.2  组帧
wangdao-cn	3.2.1	3.2.1  字符计数法	66	kp	第3章 数据链路层 > 3.2  组帧 > 3.2.1  字符计数法
wangdao-cn	3.2.2	3.2.2  字节填充法	66	kp	第3章 数据链路层 > 3.2  组帧 > 3.2.2  字节填充法
wangdao-cn	3.2.3	3.2.3  零比特填充法	67	kp	第3章 数据链路层 > 3.2  组帧 > 3.2.3  零比特填充法
wangdao-cn	3.2.4	3.2.4  违规编码法	67	kp	第3章 数据链路层 > 3.2  组帧 > 3.2.4  违规编码法
wangdao-cn	3.2.5	3.2.5  本节习题精选	67	ex	第3章 数据链路层 > 3.2  组帧 > 3.2.5  本节习题精选
wangdao-cn		一、单项选择题	67	ex	第3章 数据链路层 > 3.2  组帧 > 3.2.5  本节习题精选 > 一、单项选择题
wangdao-cn		二、综合应用题	67	ex	第3章 数据链路层 > 3.2  组帧 > 3.2.5  本节习题精选 > 二、综合应用题
wangdao-cn	3.2.6	3.2.6  答案与解析	67	ex	第3章 数据链路层 > 3.2  组帧 > 3.2.6  答案与解析
wangdao-cn		一、单项选择题	67	ex	第3章 数据链路层 > 3.2  组帧 > 3.2.6  答案与解析 > 一、单项选择题
wangdao-cn		二、综合应用题	68	ex	第3章 数据链路层 > 3.2  组帧 > 3.2.6  答案与解析 > 二、综合应用题
wangdao-cn	3.3	3.3  差错控制	68	kp	第3章 数据链路层 > 3.3  差错控制
wangdao-cn	3.3.1	3.3.1  检错编码	69	kp	第3章 数据链路层 > 3.3  差错控制 > 3.3.1  检错编码
wangdao-cn		1．奇偶检验码	69	kp	第3章 数据链路层 > 3.3  差错控制 > 3.3.1  检错编码 > 1．奇偶检验码
wangdao-cn		2．循环冗余码	69	kp	第3章 数据链路层 > 3.3  差错控制 > 3.3.1  检错编码 > 2．循环冗余码
wangdao-cn	3.3.2	3.3.2  纠错编码	70	kp	第3章 数据链路层 > 3.3  差错控制 > 3.3.2  纠错编码
wangdao-cn	3.3.3	3.3.3  本节习题精选	71	ex	第3章 数据链路层 > 3.3  差错控制 > 3.3.3  本节习题精选
wangdao-cn		一、单项选择题	71	ex	第3章 数据链路层 > 3.3  差错控制 > 3.3.3  本节习题精选 > 一、单项选择题
wangdao-cn		二、综合应用题	72	ex	第3章 数据链路层 > 3.3  差错控制 > 3.3.3  本节习题精选 > 二、综合应用题
wangdao-cn	3.3.4	3.3.4  答案与解析	72	ex	第3章 数据链路层 > 3.3  差错控制 > 3.3.4  答案与解析
wangdao-cn		一、单项选择题	72	ex	第3章 数据链路层 > 3.3  差错控制 > 3.3.4  答案与解析 > 一、单项选择题
wangdao-cn		二、综合应用题	73	ex	第3章 数据链路层 > 3.3  差错控制 > 3.3.4  答案与解析 > 二、综合应用题
wangdao-cn	3.4	3.4  流量控制与可靠传输机制	73	kp	第3章 数据链路层 > 3.4  流量控制与可靠传输机制
wangdao-cn	3.4.1	3.4.1  流量控制与滑动窗口机制	73	kp	第3章 数据链路层 > 3.4  流量控制与可靠传输机制 > 3.4.1  流量控制与滑动窗口机制
wangdao-cn		1．停止-等待流量控制基本原理	74	kp	第3章 数据链路层 > 3.4  流量控制与可靠传输机制 > 3.4.1  流量控制与滑动窗口机制 > 1．停止-等待流量控制基本原理
wangdao-cn		2．滑动窗口流量控制基本原理	74	kp	第3章 数据链路层 > 3.4  流量控制与可靠传输机制 > 3.4.1  流量控制与滑动窗口机制 > 2．滑动窗口流量控制基本原理
wangdao-cn	3.4.2	3.4.2  可靠传输机制	75	kp	第3章 数据链路层 > 3.4  流量控制与可靠传输机制 > 3.4.2  可靠传输机制
wangdao-cn		1．单帧滑动窗口与停止-等待协议（S-W）	76	kp	第3章 数据链路层 > 3.4  流量控制与可靠传输机制 > 3.4.2  可靠传输机制 > 1．单帧滑动窗口与停止-等待协议（S-W）
wangdao-cn		2．多帧滑动窗口与后退N帧协议（GBN）	76	kp	第3章 数据链路层 > 3.4  流量控制与可靠传输机制 > 3.4.2  可靠传输机制 > 2．多帧滑动窗口与后退N帧协议（GBN）
wangdao-cn		3．多帧滑动窗口与选择重传协议（SR）	77	kp	第3章 数据链路层 > 3.4  流量控制与可靠传输机制 > 3.4.2  可靠传输机制 > 3．多帧滑动窗口与选择重传协议（SR）
wangdao-cn		4．信道利用率的分析	78	kp	第3章 数据链路层 > 3.4  流量控制与可靠传输机制 > 3.4.2  可靠传输机制 > 4．信道利用率的分析
wangdao-cn	3.4.3	3.4.3  本节习题精选	79	ex	第3章 数据链路层 > 3.4  流量控制与可靠传输机制 > 3.4.3  本节习题精选
wangdao-cn		一、单项选择题	79	ex	第3章 数据链路层 > 3.4  流量控制与可靠传输机制 > 3.4.3  本节习题精选 > 一、单项选择题
wangdao-cn		二、综合应用题	82	ex	第3章 数据链路层 > 3.4  流量控制与可靠传输机制 > 3.4.3  本节习题精选 > 二、综合应用题
wangdao-cn	3.4.4	3.4.4  答案与解析	84	ex	第3章 数据链路层 > 3.4  流量控制与可靠传输机制 > 3.4.4  答案与解析
wangdao-cn		一、单项选择题	84	ex	第3章 数据链路层 > 3.4  流量控制与可靠传输机制 > 3.4.4  答案与解析 > 一、单项选择题
wangdao-cn		二、综合应用题	87	ex	第3章 数据链路层 > 3.4  流量控制与可靠传输机制 > 3.4.4  答案与解析 > 二、综合应用题
wangdao-cn	3.5	3.5  介质访问控制	89	kp	第3章 数据链路层 > 3.5  介质访问控制
wangdao-cn	3.5.1	3.5.1  信道划分介质访问控制	90	kp	第3章 数据链路层 > 3.5  介质访问控制 > 3.5.1  信道划分介质访问控制
wangdao-cn		1．时分复用（TDM）	90	kp	第3章 数据链路层 > 3.5  介质访问控制 > 3.5.1  信道划分介质访问控制 > 1．时分复用（TDM）
wangdao-cn		2．频分复用（FDM）	91	kp	第3章 数据链路层 > 3.5  介质访问控制 > 3.5.1  信道划分介质访问控制 > 2．频分复用（FDM）
wangdao-cn		3．波分复用（WDM）	91	kp	第3章 数据链路层 > 3.5  介质访问控制 > 3.5.1  信道划分介质访问控制 > 3．波分复用（WDM）
wangdao-cn		4．码分复用（CDM）	91	kp	第3章 数据链路层 > 3.5  介质访问控制 > 3.5.1  信道划分介质访问控制 > 4．码分复用（CDM）
wangdao-cn	3.5.2	3.5.2  随机访问介质访问控制	92	kp	第3章 数据链路层 > 3.5  介质访问控制 > 3.5.2  随机访问介质访问控制
wangdao-cn		1．ALOHA协议	93	kp	第3章 数据链路层 > 3.5  介质访问控制 > 3.5.2  随机访问介质访问控制 > 1．ALOHA协议
wangdao-cn		2．CSMA协议	94	kp	第3章 数据链路层 > 3.5  介质访问控制 > 3.5.2  随机访问介质访问控制 > 2．CSMA协议
wangdao-cn	3.5.3	3.5.3  轮询访问：令牌传递协议	94	kp	第3章 数据链路层 > 3.5  介质访问控制 > 3.5.3  轮询访问：令牌传递协议
wangdao-cn	3.5.4	3.5.4  本节习题精选	95	ex	第3章 数据链路层 > 3.5  介质访问控制 > 3.5.4  本节习题精选
wangdao-cn		单项选择题	95	ex	第3章 数据链路层 > 3.5  介质访问控制 > 3.5.4  本节习题精选 > 单项选择题
wangdao-cn	3.5.5	3.5.5  答案与解析	97	ex	第3章 数据链路层 > 3.5  介质访问控制 > 3.5.5  答案与解析
wangdao-cn		单项选择题	97	ex	第3章 数据链路层 > 3.5  介质访问控制 > 3.5.5  答案与解析 > 单项选择题
wangdao-cn	3.6	3.6  局域网	99	kp	第3章 数据链路层 > 3.6  局域网
wangdao-cn	3.6.1	3.6.1  局域网的基本概念和体系结构	99	kp	第3章 数据链路层 > 3.6  局域网 > 3.6.1  局域网的基本概念和体系结构
wangdao-cn	3.6.2	3.6.2  以太网与IEEE 802.3	100	kp	第3章 数据链路层 > 3.6  局域网 > 3.6.2  以太网与IEEE 802.3
wangdao-cn		1．以太网的传输介质与网卡	100	kp	第3章 数据链路层 > 3.6  局域网 > 3.6.2  以太网与IEEE 802.3 > 1．以太网的传输介质与网卡
wangdao-cn		2．以太网MAC地址	101	kp	第3章 数据链路层 > 3.6  局域网 > 3.6.2  以太网与IEEE 802.3 > 2．以太网MAC地址
wangdao-cn		3．CSMA/CD协议	101	kp	第3章 数据链路层 > 3.6  局域网 > 3.6.2  以太网与IEEE 802.3 > 3．CSMA/CD协议
wangdao-cn		4．以太网的MAC帧	103	kp	第3章 数据链路层 > 3.6  局域网 > 3.6.2  以太网与IEEE 802.3 > 4．以太网的MAC帧
wangdao-cn		5．高速以太网	104	kp	第3章 数据链路层 > 3.6  局域网 > 3.6.2  以太网与IEEE 802.3 > 5．高速以太网
wangdao-cn	3.6.3	3.6.3  IEEE 802.11无线局域网	105	kp	第3章 数据链路层 > 3.6  局域网 > 3.6.3  IEEE 802.11无线局域网
wangdao-cn		1．无线局域网的组成	105	kp	第3章 数据链路层 > 3.6  局域网 > 3.6.3  IEEE 802.11无线局域网 > 1．无线局域网的组成
wangdao-cn		2．CSMA/CA协议	106	kp	第3章 数据链路层 > 3.6  局域网 > 3.6.3  IEEE 802.11无线局域网 > 2．CSMA/CA协议
wangdao-cn		3．802.11局域网的MAC帧	109	kp	第3章 数据链路层 > 3.6  局域网 > 3.6.3  IEEE 802.11无线局域网 > 3．802.11局域网的MAC帧
wangdao-cn	3.6.4	3.6.4  VLAN基本概念与基本原理	111	kp	第3章 数据链路层 > 3.6  局域网 > 3.6.4  VLAN基本概念与基本原理
wangdao-cn	3.6.5	3.6.5  本节习题精选	112	ex	第3章 数据链路层 > 3.6  局域网 > 3.6.5  本节习题精选
wangdao-cn		一、单项选择题	112	ex	第3章 数据链路层 > 3.6  局域网 > 3.6.5  本节习题精选 > 一、单项选择题
wangdao-cn		二、综合应用题	117	ex	第3章 数据链路层 > 3.6  局域网 > 3.6.5  本节习题精选 > 二、综合应用题
wangdao-cn	3.6.6	3.6.6  答案与解析	118	ex	第3章 数据链路层 > 3.6  局域网 > 3.6.6  答案与解析
wangdao-cn		一、单项选择题	118	ex	第3章 数据链路层 > 3.6  局域网 > 3.6.6  答案与解析 > 一、单项选择题
wangdao-cn		二、综合应用题	123	ex	第3章 数据链路层 > 3.6  局域网 > 3.6.6  答案与解析 > 二、综合应用题
wangdao-cn	3.7	3.7  广域网	125	kp	第3章 数据链路层 > 3.7  广域网
wangdao-cn	3.7.1	3.7.1  广域网的基本概念	125	kp	第3章 数据链路层 > 3.7  广域网 > 3.7.1  广域网的基本概念
wangdao-cn	3.7.2	3.7.2  点对点协议	126	kp	第3章 数据链路层 > 3.7  广域网 > 3.7.2  点对点协议
wangdao-cn	3.7.3	3.7.3  本节习题精选	127	ex	第3章 数据链路层 > 3.7  广域网 > 3.7.3  本节习题精选
wangdao-cn		单项选择题	127	ex	第3章 数据链路层 > 3.7  广域网 > 3.7.3  本节习题精选 > 单项选择题
wangdao-cn	3.7.4	3.7.4  答案与解析	128	ex	第3章 数据链路层 > 3.7  广域网 > 3.7.4  答案与解析
wangdao-cn		单项选择题	128	ex	第3章 数据链路层 > 3.7  广域网 > 3.7.4  答案与解析 > 单项选择题
wangdao-cn	3.8	3.8  数据链路层设备	129	kp	第3章 数据链路层 > 3.8  数据链路层设备
wangdao-cn	3.8.1	*3.8.1  网桥的基本概念	129	kp	第3章 数据链路层 > 3.8  数据链路层设备 > *3.8.1  网桥的基本概念
wangdao-cn	3.8.2	3.8.2  以太网交换机	130	kp	第3章 数据链路层 > 3.8  数据链路层设备 > 3.8.2  以太网交换机
wangdao-cn		1．交换机的原理和特点	130	kp	第3章 数据链路层 > 3.8  数据链路层设备 > 3.8.2  以太网交换机 > 1．交换机的原理和特点
wangdao-cn		2．交换机的自学习功能	130	kp	第3章 数据链路层 > 3.8  数据链路层设备 > 3.8.2  以太网交换机 > 2．交换机的自学习功能
wangdao-cn	3.8.3	3.8.3  共享式以太网	132	kp	第3章 数据链路层 > 3.8  数据链路层设备 > 3.8.3  共享式以太网
wangdao-cn		1．共享式以太网的基本特点	132	kp	第3章 数据链路层 > 3.8  数据链路层设备 > 3.8.3  共享式以太网 > 1．共享式以太网的基本特点
wangdao-cn	3.8.4	3.8.4  本节习题精选	132	ex	第3章 数据链路层 > 3.8  数据链路层设备 > 3.8.4  本节习题精选
wangdao-cn		单项选择题	132	ex	第3章 数据链路层 > 3.8  数据链路层设备 > 3.8.4  本节习题精选 > 单项选择题
wangdao-cn	3.8.5	3.8.5  答案与解析	135	ex	第3章 数据链路层 > 3.8  数据链路层设备 > 3.8.5  答案与解析
wangdao-cn		单项选择题	135	ex	第3章 数据链路层 > 3.8  数据链路层设备 > 3.8.5  答案与解析 > 单项选择题
wangdao-cn	3.9	3.9  本章小结及疑难点	138	sum	第3章 数据链路层 > 3.9  本章小结及疑难点
wangdao-cn		第4章 网络层	139	kp	第4章 网络层
wangdao-cn		【考纲内容】	139	other	第4章 网络层 > 【考纲内容】
wangdao-cn		【复习提示】	139	other	第4章 网络层 > 【复习提示】
wangdao-cn	4.1	4.1  网络层的功能	139	kp	第4章 网络层 > 4.1  网络层的功能
wangdao-cn	4.1.1	4.1.1  异构网络互连	140	kp	第4章 网络层 > 4.1  网络层的功能 > 4.1.1  异构网络互连
wangdao-cn	4.1.2	4.1.2  路由与转发	140	kp	第4章 网络层 > 4.1  网络层的功能 > 4.1.2  路由与转发
wangdao-cn	4.1.3	4.1.3  网络层提供的两种服务	141	kp	第4章 网络层 > 4.1  网络层的功能 > 4.1.3  网络层提供的两种服务
wangdao-cn		1．虚电路	141	kp	第4章 网络层 > 4.1  网络层的功能 > 4.1.3  网络层提供的两种服务 > 1．虚电路
wangdao-cn		2．数据报	142	kp	第4章 网络层 > 4.1  网络层的功能 > 4.1.3  网络层提供的两种服务 > 2．数据报
wangdao-cn	4.1.4	4.1.4  SDN的基本概念	143	kp	第4章 网络层 > 4.1  网络层的功能 > 4.1.4  SDN的基本概念
wangdao-cn	4.1.5	4.1.5  拥塞控制	144	kp	第4章 网络层 > 4.1  网络层的功能 > 4.1.5  拥塞控制
wangdao-cn	4.1.6	4.1.6  本节习题精选	144	ex	第4章 网络层 > 4.1  网络层的功能 > 4.1.6  本节习题精选
wangdao-cn		单项选择题	144	ex	第4章 网络层 > 4.1  网络层的功能 > 4.1.6  本节习题精选 > 单项选择题
wangdao-cn	4.1.7	4.1.7  答案与解析	147	ex	第4章 网络层 > 4.1  网络层的功能 > 4.1.7  答案与解析
wangdao-cn		单项选择题	147	ex	第4章 网络层 > 4.1  网络层的功能 > 4.1.7  答案与解析 > 单项选择题
wangdao-cn	4.2	4.2  IPv4	149	kp	第4章 网络层 > 4.2  IPv4
wangdao-cn	4.2.1	4.2.1  IPv4分组	149	kp	第4章 网络层 > 4.2  IPv4 > 4.2.1  IPv4分组
wangdao-cn		1．IPv4分组的格式	149	kp	第4章 网络层 > 4.2  IPv4 > 4.2.1  IPv4分组 > 1．IPv4分组的格式
wangdao-cn		2．IP数据报分片	150	kp	第4章 网络层 > 4.2  IPv4 > 4.2.1  IPv4分组 > 2．IP数据报分片
wangdao-cn	4.2.2	4.2.2  IPv4地址	151	kp	第4章 网络层 > 4.2  IPv4 > 4.2.2  IPv4地址
wangdao-cn		1．IPv4地址	151	kp	第4章 网络层 > 4.2  IPv4 > 4.2.2  IPv4地址 > 1．IPv4地址
wangdao-cn		2．分类的IP地址	151	kp	第4章 网络层 > 4.2  IPv4 > 4.2.2  IPv4地址 > 2．分类的IP地址
wangdao-cn		3．划分子网	153	kp	第4章 网络层 > 4.2  IPv4 > 4.2.2  IPv4地址 > 3．划分子网
wangdao-cn		4．无分类编址CIDR	154	kp	第4章 网络层 > 4.2  IPv4 > 4.2.2  IPv4地址 > 4．无分类编址CIDR
wangdao-cn		5．路由聚合	155	kp	第4章 网络层 > 4.2  IPv4 > 4.2.2  IPv4地址 > 5．路由聚合
wangdao-cn		6．子网划分的应用举例	155	kp	第4章 网络层 > 4.2  IPv4 > 4.2.2  IPv4地址 > 6．子网划分的应用举例
wangdao-cn	4.2.3	4.2.3  网络地址转换NAT	156	kp	第4章 网络层 > 4.2  IPv4 > 4.2.3  网络地址转换NAT
wangdao-cn	4.2.4	4.2.4  网络层转发分组的过程	158	kp	第4章 网络层 > 4.2  IPv4 > 4.2.4  网络层转发分组的过程
wangdao-cn	4.2.5	4.2.5  地址解析协议（ARP）	159	kp	第4章 网络层 > 4.2  IPv4 > 4.2.5  地址解析协议（ARP）
wangdao-cn		1．IP地址与硬件地址	159	kp	第4章 网络层 > 4.2  IPv4 > 4.2.5  地址解析协议（ARP） > 1．IP地址与硬件地址
wangdao-cn		2．地址解析协议	159	kp	第4章 网络层 > 4.2  IPv4 > 4.2.5  地址解析协议（ARP） > 2．地址解析协议
wangdao-cn	4.2.6	4.2.6  动态主机配置协议DHCP	161	kp	第4章 网络层 > 4.2  IPv4 > 4.2.6  动态主机配置协议DHCP
wangdao-cn	4.2.7	4.2.7  网际控制报文协议ICMP	162	kp	第4章 网络层 > 4.2  IPv4 > 4.2.7  网际控制报文协议ICMP
wangdao-cn	4.2.8	4.2.8  本节习题精选	163	ex	第4章 网络层 > 4.2  IPv4 > 4.2.8  本节习题精选
wangdao-cn		一、单项选择题	163	ex	第4章 网络层 > 4.2  IPv4 > 4.2.8  本节习题精选 > 一、单项选择题
wangdao-cn		二、综合应用题	171	ex	第4章 网络层 > 4.2  IPv4 > 4.2.8  本节习题精选 > 二、综合应用题
wangdao-cn	4.2.9	4.2.9  答案与解析	177	ex	第4章 网络层 > 4.2  IPv4 > 4.2.9  答案与解析
wangdao-cn		一、单项选择题	177	ex	第4章 网络层 > 4.2  IPv4 > 4.2.9  答案与解析 > 一、单项选择题
wangdao-cn		二、综合应用题	186	ex	第4章 网络层 > 4.2  IPv4 > 4.2.9  答案与解析 > 二、综合应用题
wangdao-cn	4.3	4.3  IPv6	193	kp	第4章 网络层 > 4.3  IPv6
wangdao-cn	4.3.1	4.3.1  IPv6的特点	193	kp	第4章 网络层 > 4.3  IPv6 > 4.3.1  IPv6的特点
wangdao-cn	4.3.2	4.3.2  IPv6数据报的基本首部	194	kp	第4章 网络层 > 4.3  IPv6 > 4.3.2  IPv6数据报的基本首部
wangdao-cn	4.3.3	4.3.3  IPv6地址	195	kp	第4章 网络层 > 4.3  IPv6 > 4.3.3  IPv6地址
wangdao-cn	4.3.4	4.3.4  从IPv4向IPv6过渡	196	kp	第4章 网络层 > 4.3  IPv6 > 4.3.4  从IPv4向IPv6过渡
wangdao-cn	4.3.5	4.3.5  本节习题精选	196	ex	第4章 网络层 > 4.3  IPv6 > 4.3.5  本节习题精选
wangdao-cn		单项选择题	196	ex	第4章 网络层 > 4.3  IPv6 > 4.3.5  本节习题精选 > 单项选择题
wangdao-cn	4.3.6	4.3.6  答案与解析	197	ex	第4章 网络层 > 4.3  IPv6 > 4.3.6  答案与解析
wangdao-cn		单项选择题	197	ex	第4章 网络层 > 4.3  IPv6 > 4.3.6  答案与解析 > 单项选择题
wangdao-cn	4.4	4.4  路由算法与路由协议	198	kp	第4章 网络层 > 4.4  路由算法与路由协议
wangdao-cn	4.4.1	4.4.1  路由算法	198	kp	第4章 网络层 > 4.4  路由算法与路由协议 > 4.4.1  路由算法
wangdao-cn		1．静态路由与动态路由	198	kp	第4章 网络层 > 4.4  路由算法与路由协议 > 4.4.1  路由算法 > 1．静态路由与动态路由
wangdao-cn		2．距离-向量算法	198	kp	第4章 网络层 > 4.4  路由算法与路由协议 > 4.4.1  路由算法 > 2．距离-向量算法
wangdao-cn		3．链路状态算法	199	kp	第4章 网络层 > 4.4  路由算法与路由协议 > 4.4.1  路由算法 > 3．链路状态算法
wangdao-cn	4.4.2	4.4.2  分层次的路由选择协议	200	kp	第4章 网络层 > 4.4  路由算法与路由协议 > 4.4.2  分层次的路由选择协议
wangdao-cn		1．内部网关协议（Interior Gateway Protocol，IGP）	200	kp	第4章 网络层 > 4.4  路由算法与路由协议 > 4.4.2  分层次的路由选择协议 > 1．内部网关协议（Interior Gateway Protocol，IGP）
wangdao-cn		2．外部网关协议（External Gateway Protocol，EGP）	200	kp	第4章 网络层 > 4.4  路由算法与路由协议 > 4.4.2  分层次的路由选择协议 > 2．外部网关协议（External Gateway Protocol，EGP）
wangdao-cn	4.4.3	4.4.3  路由信息协议	200	kp	第4章 网络层 > 4.4  路由算法与路由协议 > 4.4.3  路由信息协议
wangdao-cn		1．RIP的规定	200	kp	第4章 网络层 > 4.4  路由算法与路由协议 > 4.4.3  路由信息协议 > 1．RIP的规定
wangdao-cn		2．RIP的特点	201	kp	第4章 网络层 > 4.4  路由算法与路由协议 > 4.4.3  路由信息协议 > 2．RIP的特点
wangdao-cn		3．RIP的基本工作原理	201	kp	第4章 网络层 > 4.4  路由算法与路由协议 > 4.4.3  路由信息协议 > 3．RIP的基本工作原理
wangdao-cn		4．RIP的优缺点	202	kp	第4章 网络层 > 4.4  路由算法与路由协议 > 4.4.3  路由信息协议 > 4．RIP的优缺点
wangdao-cn	4.4.4	4.4.4  开放最短路径优先协议	203	kp	第4章 网络层 > 4.4  路由算法与路由协议 > 4.4.4  开放最短路径优先协议
wangdao-cn		1．开放最短路径优先（OSPF）的基本特点	203	kp	第4章 网络层 > 4.4  路由算法与路由协议 > 4.4.4  开放最短路径优先协议 > 1．开放最短路径优先（OSPF）的基本特点
wangdao-cn		2．OSPF的五种分组类型	204	kp	第4章 网络层 > 4.4  路由算法与路由协议 > 4.4.4  开放最短路径优先协议 > 2．OSPF的五种分组类型
wangdao-cn		3．OSPF的基本工作原理	204	kp	第4章 网络层 > 4.4  路由算法与路由协议 > 4.4.4  开放最短路径优先协议 > 3．OSPF的基本工作原理
wangdao-cn	4.4.5	4.4.5  边界网关协议	205	kp	第4章 网络层 > 4.4  路由算法与路由协议 > 4.4.5  边界网关协议
wangdao-cn		1．BGP的基本特点	205	kp	第4章 网络层 > 4.4  路由算法与路由协议 > 4.4.5  边界网关协议 > 1．BGP的基本特点
wangdao-cn		2．BGP路由	205	kp	第4章 网络层 > 4.4  路由算法与路由协议 > 4.4.5  边界网关协议 > 2．BGP路由
wangdao-cn		3．BGP路由选择	206	kp	第4章 网络层 > 4.4  路由算法与路由协议 > 4.4.5  边界网关协议 > 3．BGP路由选择
wangdao-cn		4．BGP的四种报文	208	kp	第4章 网络层 > 4.4  路由算法与路由协议 > 4.4.5  边界网关协议 > 4．BGP的四种报文
wangdao-cn	4.4.6	4.4.6  本节习题精选	208	ex	第4章 网络层 > 4.4  路由算法与路由协议 > 4.4.6  本节习题精选
wangdao-cn		一、单项选择题	208	ex	第4章 网络层 > 4.4  路由算法与路由协议 > 4.4.6  本节习题精选 > 一、单项选择题
wangdao-cn		二、综合应用题	212	ex	第4章 网络层 > 4.4  路由算法与路由协议 > 4.4.6  本节习题精选 > 二、综合应用题
wangdao-cn	4.4.7	4.4.7  答案与解析	215	ex	第4章 网络层 > 4.4  路由算法与路由协议 > 4.4.7  答案与解析
wangdao-cn		一、单项选择题	215	ex	第4章 网络层 > 4.4  路由算法与路由协议 > 4.4.7  答案与解析 > 一、单项选择题
wangdao-cn		二、综合应用题	218	ex	第4章 网络层 > 4.4  路由算法与路由协议 > 4.4.7  答案与解析 > 二、综合应用题
wangdao-cn	4.5	4.5  IP多播	220	kp	第4章 网络层 > 4.5  IP多播
wangdao-cn	4.5.1	4.5.1  多播的概念	220	kp	第4章 网络层 > 4.5  IP多播 > 4.5.1  多播的概念
wangdao-cn	4.5.2	4.5.2  IP多播地址	221	kp	第4章 网络层 > 4.5  IP多播 > 4.5.2  IP多播地址
wangdao-cn	4.5.3	4.5.3  在局域网上进行硬件多播	221	kp	第4章 网络层 > 4.5  IP多播 > 4.5.3  在局域网上进行硬件多播
wangdao-cn	4.5.4	4.5.4  IGMP与多播路由协议	222	kp	第4章 网络层 > 4.5  IP多播 > 4.5.4  IGMP与多播路由协议
wangdao-cn	4.5.5	4.5.5  本节习题精选	222	ex	第4章 网络层 > 4.5  IP多播 > 4.5.5  本节习题精选
wangdao-cn		一、单项选择题	222	ex	第4章 网络层 > 4.5  IP多播 > 4.5.5  本节习题精选 > 一、单项选择题
wangdao-cn		二、综合应用题	223	ex	第4章 网络层 > 4.5  IP多播 > 4.5.5  本节习题精选 > 二、综合应用题
wangdao-cn	4.5.6	4.5.6  答案与解析	223	ex	第4章 网络层 > 4.5  IP多播 > 4.5.6  答案与解析
wangdao-cn		一、单项选择题	223	ex	第4章 网络层 > 4.5  IP多播 > 4.5.6  答案与解析 > 一、单项选择题
wangdao-cn		二、综合应用题	223	ex	第4章 网络层 > 4.5  IP多播 > 4.5.6  答案与解析 > 二、综合应用题
wangdao-cn	4.6	4.6  移动IP	224	kp	第4章 网络层 > 4.6  移动IP
wangdao-cn	4.6.1	4.6.1  移动IP的概念	224	kp	第4章 网络层 > 4.6  移动IP > 4.6.1  移动IP的概念
wangdao-cn	4.6.2	4.6.2  移动IP通信过程	224	kp	第4章 网络层 > 4.6  移动IP > 4.6.2  移动IP通信过程
wangdao-cn	4.6.3	4.6.3  本节习题精选	225	ex	第4章 网络层 > 4.6  移动IP > 4.6.3  本节习题精选
wangdao-cn		单项选择题	225	ex	第4章 网络层 > 4.6  移动IP > 4.6.3  本节习题精选 > 单项选择题
wangdao-cn	4.6.4	4.6.4  答案与解析	225	ex	第4章 网络层 > 4.6  移动IP > 4.6.4  答案与解析
wangdao-cn		单项选择题	225	ex	第4章 网络层 > 4.6  移动IP > 4.6.4  答案与解析 > 单项选择题
wangdao-cn	4.7	4.7  网络层设备	226	kp	第4章 网络层 > 4.7  网络层设备
wangdao-cn	4.7.1	4.7.1  冲突域和广播域	226	kp	第4章 网络层 > 4.7  网络层设备 > 4.7.1  冲突域和广播域
wangdao-cn		1．冲突域	226	kp	第4章 网络层 > 4.7  网络层设备 > 4.7.1  冲突域和广播域 > 1．冲突域
wangdao-cn		2．广播域	226	kp	第4章 网络层 > 4.7  网络层设备 > 4.7.1  冲突域和广播域 > 2．广播域
wangdao-cn	4.7.2	4.7.2  路由器的组成和功能	226	kp	第4章 网络层 > 4.7  网络层设备 > 4.7.2  路由器的组成和功能
wangdao-cn	4.7.3	4.7.3  路由表与分组转发	227	kp	第4章 网络层 > 4.7  网络层设备 > 4.7.3  路由表与分组转发
wangdao-cn	4.7.4	4.7.4  本节习题精选	228	ex	第4章 网络层 > 4.7  网络层设备 > 4.7.4  本节习题精选
wangdao-cn		一、单项选择题	228	ex	第4章 网络层 > 4.7  网络层设备 > 4.7.4  本节习题精选 > 一、单项选择题
wangdao-cn		二、综合应用题	230	ex	第4章 网络层 > 4.7  网络层设备 > 4.7.4  本节习题精选 > 二、综合应用题
wangdao-cn	4.7.5	4.7.5  答案与解析	231	ex	第4章 网络层 > 4.7  网络层设备 > 4.7.5  答案与解析
wangdao-cn		一、单项选择题	231	ex	第4章 网络层 > 4.7  网络层设备 > 4.7.5  答案与解析 > 一、单项选择题
wangdao-cn		二、综合应用题	233	ex	第4章 网络层 > 4.7  网络层设备 > 4.7.5  答案与解析 > 二、综合应用题
wangdao-cn	4.8	4.8  本章小结及疑难点	235	sum	第4章 网络层 > 4.8  本章小结及疑难点
wangdao-cn		第5章 传输层	236	kp	第5章 传输层
wangdao-cn		【考纲内容】	236	other	第5章 传输层 > 【考纲内容】
wangdao-cn		【复习提示】	236	other	第5章 传输层 > 【复习提示】
wangdao-cn	5.1	5.1  传输层提供的服务	236	kp	第5章 传输层 > 5.1  传输层提供的服务
wangdao-cn	5.1.1	5.1.1  传输层的功能	236	kp	第5章 传输层 > 5.1  传输层提供的服务 > 5.1.1  传输层的功能
wangdao-cn		1．应用进程之间的逻辑通信	236	kp	第5章 传输层 > 5.1  传输层提供的服务 > 5.1.1  传输层的功能 > 1．应用进程之间的逻辑通信
wangdao-cn		2．复用和分用	237	kp	第5章 传输层 > 5.1  传输层提供的服务 > 5.1.1  传输层的功能 > 2．复用和分用
wangdao-cn		3．差错检测	237	kp	第5章 传输层 > 5.1  传输层提供的服务 > 5.1.1  传输层的功能 > 3．差错检测
wangdao-cn		4．提供面向连接和无连接的传输服务	237	kp	第5章 传输层 > 5.1  传输层提供的服务 > 5.1.1  传输层的功能 > 4．提供面向连接和无连接的传输服务
wangdao-cn	5.1.2	5.1.2  传输层的寻址与端口	237	kp	第5章 传输层 > 5.1  传输层提供的服务 > 5.1.2  传输层的寻址与端口
wangdao-cn		1．端口的作用	237	kp	第5章 传输层 > 5.1  传输层提供的服务 > 5.1.2  传输层的寻址与端口 > 1．端口的作用
wangdao-cn		2．端口号	238	kp	第5章 传输层 > 5.1  传输层提供的服务 > 5.1.2  传输层的寻址与端口 > 2．端口号
wangdao-cn		3．套接字	238	kp	第5章 传输层 > 5.1  传输层提供的服务 > 5.1.2  传输层的寻址与端口 > 3．套接字
wangdao-cn	5.1.3	5.1.3  无连接服务与面向连接服务	238	kp	第5章 传输层 > 5.1  传输层提供的服务 > 5.1.3  无连接服务与面向连接服务
wangdao-cn	5.1.4	5.1.4  本节习题精选	239	ex	第5章 传输层 > 5.1  传输层提供的服务 > 5.1.4  本节习题精选
wangdao-cn		单项选择题	239	ex	第5章 传输层 > 5.1  传输层提供的服务 > 5.1.4  本节习题精选 > 单项选择题
wangdao-cn	5.1.5	5.1.5  答案与解析	240	ex	第5章 传输层 > 5.1  传输层提供的服务 > 5.1.5  答案与解析
wangdao-cn		单项选择题	240	ex	第5章 传输层 > 5.1  传输层提供的服务 > 5.1.5  答案与解析 > 单项选择题
wangdao-cn	5.2	5.2  UDP	241	kp	第5章 传输层 > 5.2  UDP
wangdao-cn	5.2.1	5.2.1  UDP数据报	241	kp	第5章 传输层 > 5.2  UDP > 5.2.1  UDP数据报
wangdao-cn		1．UDP概述	241	kp	第5章 传输层 > 5.2  UDP > 5.2.1  UDP数据报 > 1．UDP概述
wangdao-cn		2．UDP的首部格式	241	kp	第5章 传输层 > 5.2  UDP > 5.2.1  UDP数据报 > 2．UDP的首部格式
wangdao-cn	5.2.2	5.2.2  UDP检验	242	kp	第5章 传输层 > 5.2  UDP > 5.2.2  UDP检验
wangdao-cn	5.2.3	5.2.3  本节习题精选	243	ex	第5章 传输层 > 5.2  UDP > 5.2.3  本节习题精选
wangdao-cn		一、单项选择题	243	ex	第5章 传输层 > 5.2  UDP > 5.2.3  本节习题精选 > 一、单项选择题
wangdao-cn		二、综合应用题	245	ex	第5章 传输层 > 5.2  UDP > 5.2.3  本节习题精选 > 二、综合应用题
wangdao-cn	5.2.4	5.2.4  答案与解析	245	ex	第5章 传输层 > 5.2  UDP > 5.2.4  答案与解析
wangdao-cn		一、单项选择题	245	ex	第5章 传输层 > 5.2  UDP > 5.2.4  答案与解析 > 一、单项选择题
wangdao-cn		二、综合应用题	247	ex	第5章 传输层 > 5.2  UDP > 5.2.4  答案与解析 > 二、综合应用题
wangdao-cn	5.3	5.3  TCP	248	kp	第5章 传输层 > 5.3  TCP
wangdao-cn	5.3.1	5.3.1  TCP的特点	248	kp	第5章 传输层 > 5.3  TCP > 5.3.1  TCP的特点
wangdao-cn	5.3.2	5.3.2  TCP报文段	248	kp	第5章 传输层 > 5.3  TCP > 5.3.2  TCP报文段
wangdao-cn	5.3.3	5.3.3  TCP连接管理	250	kp	第5章 传输层 > 5.3  TCP > 5.3.3  TCP连接管理
wangdao-cn		1．TCP连接的建立	250	kp	第5章 传输层 > 5.3  TCP > 5.3.3  TCP连接管理 > 1．TCP连接的建立
wangdao-cn		2．TCP连接的释放	251	kp	第5章 传输层 > 5.3  TCP > 5.3.3  TCP连接管理 > 2．TCP连接的释放
wangdao-cn	5.3.4	5.3.4  TCP可靠传输	252	kp	第5章 传输层 > 5.3  TCP > 5.3.4  TCP可靠传输
wangdao-cn		1．序号	252	kp	第5章 传输层 > 5.3  TCP > 5.3.4  TCP可靠传输 > 1．序号
wangdao-cn		2．确认	253	kp	第5章 传输层 > 5.3  TCP > 5.3.4  TCP可靠传输 > 2．确认
wangdao-cn		3．重传	253	kp	第5章 传输层 > 5.3  TCP > 5.3.4  TCP可靠传输 > 3．重传
wangdao-cn	5.3.5	5.3.5  TCP流量控制	254	kp	第5章 传输层 > 5.3  TCP > 5.3.5  TCP流量控制
wangdao-cn	5.3.6	5.3.6  TCP拥塞控制	255	kp	第5章 传输层 > 5.3  TCP > 5.3.6  TCP拥塞控制
wangdao-cn		1．慢开始和拥塞避免	255	kp	第5章 传输层 > 5.3  TCP > 5.3.6  TCP拥塞控制 > 1．慢开始和拥塞避免
wangdao-cn		2．快重传和快恢复	257	kp	第5章 传输层 > 5.3  TCP > 5.3.6  TCP拥塞控制 > 2．快重传和快恢复
wangdao-cn	5.3.7	5.3.7  本节习题精选	258	ex	第5章 传输层 > 5.3  TCP > 5.3.7  本节习题精选
wangdao-cn		一、单项选择题	258	ex	第5章 传输层 > 5.3  TCP > 5.3.7  本节习题精选 > 一、单项选择题
wangdao-cn		二、综合应用题	265	ex	第5章 传输层 > 5.3  TCP > 5.3.7  本节习题精选 > 二、综合应用题
wangdao-cn	5.3.8	5.3.8  答案与解析	268	ex	第5章 传输层 > 5.3  TCP > 5.3.8  答案与解析
wangdao-cn		一、单项选择题	268	ex	第5章 传输层 > 5.3  TCP > 5.3.8  答案与解析 > 一、单项选择题
wangdao-cn		二、综合应用题	274	ex	第5章 传输层 > 5.3  TCP > 5.3.8  答案与解析 > 二、综合应用题
wangdao-cn	5.4	5.4  本章小结及疑难点	277	sum	第5章 传输层 > 5.4  本章小结及疑难点
wangdao-cn		第6章 应用层	279	kp	第6章 应用层
wangdao-cn		【考纲内容】	279	other	第6章 应用层 > 【考纲内容】
wangdao-cn		【复习提示】	279	other	第6章 应用层 > 【复习提示】
wangdao-cn	6.1	6.1  网络应用模型	279	kp	第6章 应用层 > 6.1  网络应用模型
wangdao-cn	6.1.1	6.1.1  客户/服务器模型	279	kp	第6章 应用层 > 6.1  网络应用模型 > 6.1.1  客户/服务器模型
wangdao-cn	6.1.2	6.1.2  P2P模型	280	kp	第6章 应用层 > 6.1  网络应用模型 > 6.1.2  P2P模型
wangdao-cn	6.1.3	6.1.3  本节习题精选	280	ex	第6章 应用层 > 6.1  网络应用模型 > 6.1.3  本节习题精选
wangdao-cn		单项选择题	280	ex	第6章 应用层 > 6.1  网络应用模型 > 6.1.3  本节习题精选 > 单项选择题
wangdao-cn	6.1.4	6.1.4  答案与解析	281	ex	第6章 应用层 > 6.1  网络应用模型 > 6.1.4  答案与解析
wangdao-cn		单项选择题	281	ex	第6章 应用层 > 6.1  网络应用模型 > 6.1.4  答案与解析 > 单项选择题
wangdao-cn	6.2	6.2  域名系统	282	kp	第6章 应用层 > 6.2  域名系统
wangdao-cn	6.2.1	6.2.1  层次域名空间	282	kp	第6章 应用层 > 6.2  域名系统 > 6.2.1  层次域名空间
wangdao-cn	6.2.2	6.2.2  域名服务器	283	kp	第6章 应用层 > 6.2  域名系统 > 6.2.2  域名服务器
wangdao-cn		1．根域名服务器	283	kp	第6章 应用层 > 6.2  域名系统 > 6.2.2  域名服务器 > 1．根域名服务器
wangdao-cn		2．顶级域名服务器	283	kp	第6章 应用层 > 6.2  域名系统 > 6.2.2  域名服务器 > 2．顶级域名服务器
wangdao-cn		3．权限域名服务器（授权域名服务器）	284	kp	第6章 应用层 > 6.2  域名系统 > 6.2.2  域名服务器 > 3．权限域名服务器（授权域名服务器）
wangdao-cn		4．本地域名服务器	284	kp	第6章 应用层 > 6.2  域名系统 > 6.2.2  域名服务器 > 4．本地域名服务器
wangdao-cn	6.2.3	6.2.3  域名解析过程	284	kp	第6章 应用层 > 6.2  域名系统 > 6.2.3  域名解析过程
wangdao-cn	6.2.4	6.2.4  本节习题精选	285	ex	第6章 应用层 > 6.2  域名系统 > 6.2.4  本节习题精选
wangdao-cn		一、单项选择题	285	ex	第6章 应用层 > 6.2  域名系统 > 6.2.4  本节习题精选 > 一、单项选择题
wangdao-cn		二、综合应用题	287	ex	第6章 应用层 > 6.2  域名系统 > 6.2.4  本节习题精选 > 二、综合应用题
wangdao-cn	6.2.5	6.2.5  答案与解析	287	ex	第6章 应用层 > 6.2  域名系统 > 6.2.5  答案与解析
wangdao-cn		一、单项选择题	287	ex	第6章 应用层 > 6.2  域名系统 > 6.2.5  答案与解析 > 一、单项选择题
wangdao-cn		二、综合应用题	289	ex	第6章 应用层 > 6.2  域名系统 > 6.2.5  答案与解析 > 二、综合应用题
wangdao-cn	6.3	6.3  文件传输协议	289	kp	第6章 应用层 > 6.3  文件传输协议
wangdao-cn	6.3.1	6.3.1  FTP的工作原理	289	kp	第6章 应用层 > 6.3  文件传输协议 > 6.3.1  FTP的工作原理
wangdao-cn	6.3.2	6.3.2  控制连接与数据连接	289	kp	第6章 应用层 > 6.3  文件传输协议 > 6.3.2  控制连接与数据连接
wangdao-cn		1．控制连接	290	kp	第6章 应用层 > 6.3  文件传输协议 > 6.3.2  控制连接与数据连接 > 1．控制连接
wangdao-cn		2．数据连接	290	kp	第6章 应用层 > 6.3  文件传输协议 > 6.3.2  控制连接与数据连接 > 2．数据连接
wangdao-cn	6.3.3	6.3.3  本节习题精选	290	ex	第6章 应用层 > 6.3  文件传输协议 > 6.3.3  本节习题精选
wangdao-cn		一、单项选择题	290	ex	第6章 应用层 > 6.3  文件传输协议 > 6.3.3  本节习题精选 > 一、单项选择题
wangdao-cn		二、综合应用题	292	ex	第6章 应用层 > 6.3  文件传输协议 > 6.3.3  本节习题精选 > 二、综合应用题
wangdao-cn	6.3.4	6.3.4  答案与解析	292	ex	第6章 应用层 > 6.3  文件传输协议 > 6.3.4  答案与解析
wangdao-cn		一、单项选择题	292	ex	第6章 应用层 > 6.3  文件传输协议 > 6.3.4  答案与解析 > 一、单项选择题
wangdao-cn		二、综合应用题	294	ex	第6章 应用层 > 6.3  文件传输协议 > 6.3.4  答案与解析 > 二、综合应用题
wangdao-cn	6.4	6.4  电子邮件	295	kp	第6章 应用层 > 6.4  电子邮件
wangdao-cn	6.4.1	6.4.1  电子邮件系统的组成结构	295	kp	第6章 应用层 > 6.4  电子邮件 > 6.4.1  电子邮件系统的组成结构
wangdao-cn	6.4.2	6.4.2  电子邮件格式与MIME	296	kp	第6章 应用层 > 6.4  电子邮件 > 6.4.2  电子邮件格式与MIME
wangdao-cn		1．电子邮件格式	296	kp	第6章 应用层 > 6.4  电子邮件 > 6.4.2  电子邮件格式与MIME > 1．电子邮件格式
wangdao-cn		2．多用途互联网邮件扩展（MIME）	297	kp	第6章 应用层 > 6.4  电子邮件 > 6.4.2  电子邮件格式与MIME > 2．多用途互联网邮件扩展（MIME）
wangdao-cn	6.4.3	6.4.3  SMTP和POP3	297	kp	第6章 应用层 > 6.4  电子邮件 > 6.4.3  SMTP和POP3
wangdao-cn		1．SMTP	297	kp	第6章 应用层 > 6.4  电子邮件 > 6.4.3  SMTP和POP3 > 1．SMTP
wangdao-cn		2．POP3和IMAP	298	kp	第6章 应用层 > 6.4  电子邮件 > 6.4.3  SMTP和POP3 > 2．POP3和IMAP
wangdao-cn	6.4.4	6.4.4  本节习题精选	298	ex	第6章 应用层 > 6.4  电子邮件 > 6.4.4  本节习题精选
wangdao-cn		一、单项选择题	298	ex	第6章 应用层 > 6.4  电子邮件 > 6.4.4  本节习题精选 > 一、单项选择题
wangdao-cn		二、综合应用题	299	ex	第6章 应用层 > 6.4  电子邮件 > 6.4.4  本节习题精选 > 二、综合应用题
wangdao-cn	6.4.5	6.4.5  答案与解析	300	ex	第6章 应用层 > 6.4  电子邮件 > 6.4.5  答案与解析
wangdao-cn		一、单项选择题	300	ex	第6章 应用层 > 6.4  电子邮件 > 6.4.5  答案与解析 > 一、单项选择题
wangdao-cn		二、综合应用题	301	ex	第6章 应用层 > 6.4  电子邮件 > 6.4.5  答案与解析 > 二、综合应用题
wangdao-cn	6.5	6.5  万维网	301	kp	第6章 应用层 > 6.5  万维网
wangdao-cn	6.5.1	6.5.1  万维网的概念与组成结构	301	kp	第6章 应用层 > 6.5  万维网 > 6.5.1  万维网的概念与组成结构
wangdao-cn	6.5.2	6.5.2  超文本传输协议	302	kp	第6章 应用层 > 6.5  万维网 > 6.5.2  超文本传输协议
wangdao-cn		1．HTTP的操作过程	302	kp	第6章 应用层 > 6.5  万维网 > 6.5.2  超文本传输协议 > 1．HTTP的操作过程
wangdao-cn		2．HTTP的特点	303	kp	第6章 应用层 > 6.5  万维网 > 6.5.2  超文本传输协议 > 2．HTTP的特点
wangdao-cn		3．HTTP的报文结构	304	kp	第6章 应用层 > 6.5  万维网 > 6.5.2  超文本传输协议 > 3．HTTP的报文结构
wangdao-cn		4．代理服务器	305	kp	第6章 应用层 > 6.5  万维网 > 6.5.2  超文本传输协议 > 4．代理服务器
wangdao-cn		5．HTTP请求报文举例	306	kp	第6章 应用层 > 6.5  万维网 > 6.5.2  超文本传输协议 > 5．HTTP请求报文举例
wangdao-cn	6.5.3	6.5.3  本节习题精选	307	ex	第6章 应用层 > 6.5  万维网 > 6.5.3  本节习题精选
wangdao-cn		一、单项选择题	307	ex	第6章 应用层 > 6.5  万维网 > 6.5.3  本节习题精选 > 一、单项选择题
wangdao-cn		二、综合应用题	309	ex	第6章 应用层 > 6.5  万维网 > 6.5.3  本节习题精选 > 二、综合应用题
wangdao-cn	6.5.4	6.5.4  答案与解析	310	ex	第6章 应用层 > 6.5  万维网 > 6.5.4  答案与解析
wangdao-cn		一、单项选择题	310	ex	第6章 应用层 > 6.5  万维网 > 6.5.4  答案与解析 > 一、单项选择题
wangdao-cn		二、综合应用题	313	ex	第6章 应用层 > 6.5  万维网 > 6.5.4  答案与解析 > 二、综合应用题
wangdao-cn	6.6	6.6  本章小结及疑难点	315	sum	第6章 应用层 > 6.6  本章小结及疑难点
